name,phone_number,website,review_count,rating
Business & IT Consulting | metafinanz GmbH,893605310.0,https://metafinanz.de,4.0,5.0
Avance Consulting GmbH,6934875881.0,http://www.avanceservices.de,1.0,1.0
intersoft consulting  Datenschutz und IT,6997783507.0,https://www.intersoft-consulting.de,1.0,5.0
SE+P Consulting GmbH,6926409661.0,http://www.sep-consulting.de,1.0,5.0
Phoenix Consulting GmbH,6992884794.0,http://www.phoenix-consult.eu,,
Go2Market Consulting,6927297928.0,https://www.go2market-consulting.com,4.0,5.0
Plutoneo Consulting GmbH,6987009700.0,https://www.plutoneo.com,1.0,5.0
Major Seven Consulting,1608402887.0,http://www.majorsevenconsulting.com,1.0,5.0
FIC Frankfurt International Consulting GmbH,69175366940.0,http://www.frankfurt-ic.com,1.0,4.0
KMC Management Consulting,1772312407.0,https://kmc2.de,,
Plus Ultra Consulting GmbH,,https://plusultra-consulting.de,1.0,5.0
cerasus consulting gmbh,691338330.0,https://www.cerasus-consulting.com,1.0,5.0
EMPA Data & Management Consulting,,http://empa.co,1.0,5.0
Board Consultants International,6992101800.0,https://bci-partners.com,,
GGT Consulting & Projects GmbH,,http://www.ggt-consulting.de,1.0,4.0
MeJuvante Consulting GmbH & Co. KG,6917536704.0,http://www.mejuvante.com,1.0,5.0
ponturo consulting AG,6925782670.0,http://www.ponturo.com,1.0,5.0
BCC Business Communications Consulting GmbH,6990028880.0,http://www.bcc-ffm.de,1.0,5.0
quattron management consulting GmbH,696860360.0,http://www.quattron.com,1.0,5.0
Griesing Consulting,1742196287.0,http://www.griesing-consulting.de,,
Prosper Consulting GmbH,6934867235.0,http://www.prosperconsulting.de,,
MACS Management & Consulting Services GmbH,699431880.0,https://www.macsonline.de,1.0,5.0
LIA Consulting,1777573424.0,http://www.lia-consulting.de,,
Owen Consulting,1778245291.0,https://owenconsulting.de,,
Amaris Consulting - Frankfurt am Main,,https://www.amaris.com,1.0,5.0
iBI Consulting,6915247206.0,http://ibi-consult.com,,
van Harten Consulting,1715346476.0,https://www.vanharten-consulting.de,,
Kalinowski Consulting GmbH,17616811135.0,http://www.ka-con.de,,
BNG Consulting,6995209033.0,https://www.bngconsulting.de,,
DURY Compliance & Consulting GmbH - Frankfurt am Main,6819580440.0,https://www.datenschutz-compliance.de,,
TNP Consulting GmbH,,http://www.tnpconsultants.com,,
AGORA Strategy Consulting,6933083910.0,http://agora-sc.com,,
bcs consulting,69273156300.0,http://www.bcsconsulting.de,,
CLIENTALYTICS Consulting Services GmbH,,http://www.clientalytics.com,,
ZeroOne Consulting,69999987580.0,http://www.zeroone-consulting.com,,
Eurasian Consulting GmbH,,http://www.eurasian-consulting.de,,
The Frankfurt Consulting Group GmbH,6926093264.0,http://www.tfcg.de,,
Triple A Consulting GmbH & Co KG,6974223910.0,http://www.triple-a.de,,
Magnus Consulting Christian Magnus,6917536340.0,http://www.magnus-consulting.com,,
UNA Consulting,6996759515.0,http://www.unacon.de,,
MV Consulting GmbH,,https://manuel-vogel.de,,
Westhouse Consulting GmbH,692400750.0,http://www.future-consulting.de,1.0,5.0
E-W-R Consulting GmbH,69430109.0,https://www.ewr-consulting.de,,
MH&P Consulting,6924248478.0,http://mhp-consulting.com,,
Grannville Consulting,,https://grannville.com,,
Dc Consulting Germany Gmbh,,https://dccgermany.com,,
Konnektiv Consulting,15114129742.0,http://konnektiv.co,,
Unternehmensberatung 4.0 Frankfurt am Main - Intramain Consulting 4.0,6998972371.0,https://www.intramain.de,,
Alexander Lang Consulting GmbH,1753303815.0,https://www.alexander-lang.de,,
SBC GmbH & Co. KG Sustainable Building Consulting,69133846919.0,https://sbc-frankfurt.com,1.0,5.0
Wenzel Business Consulting,1715360920.0,https://www.w-b-c.de,,
Seiffert Consulting,,http://seiffert-consulting.de,,
Alpha Consulting GmbH,,https://www.alphaconsult.org,,
B & L Management Consulting GmbH,691330930.0,https://www.bul-consulting.de,,
EAMHO Management,18559932646.0,http://www.eamhomanagement.com,29.0,5.0
South Carolina Bail Agents Academy,18437899416.0,http://www.scbailacademy.com,23.0,5.0
PalmState Consulting Inc,18035749775.0,https://splinternetmarketing.com,30.0,3.5
Fine Tune Creative,12176226363.0,http://www.finetunecreative.net,11.0,5.0
ProCorps Inc.,18033565558.0,http://www.procorps.com,6.0,4.3
TM Floyd & Company,18037651310.0,https://tmfloyd.com,13.0,4.1
"American Engineering Consultants, Inc.",18037911400.0,https://www.aec-sc.com,3.0,5.0
"Carolina Nutrition Consultants, LLC",18887653438.0,https://cnconweb.com,6.0,4.3
"Alliance Consulting Engineers, Inc.",18037792078.0,http://www.alliancece.com,4.0,3.8
Kehoe Consultants,18037850494.0,http://kehoeconsultants.com,1.0,1.0
"ECS Southeast, LLP",18032503377.0,http://www.ecslimited.com,2.0,5.0
One Community Consulting,16107314823.0,http://onecommunityconsulting.com,,
Sun Shine Financial Consulting,18034471070.0,https://www.sunshinefinancialconsult.com,5.0,5.0
Pathfinder Safety Consulting,17042774687.0,https://www.pathfindersafetyconsulting.com,,
The Overage Recovery Team,18884972449.0,https://www.theoveragerecoveryteam.com,,
Jeff Miller Consulting,18033197543.0,http://jeffmillerconsulting.com,,
Tora Consulting LLC,18338672266.0,https://www.toraconsulting.com,,
Axio Consulting Group,18038511935.0,https://www.axioconsultinggroup.com,,
Parker Poe Consulting LLC,18032558000.0,http://www.parkerpoeconsulting.com,1.0,5.0
"Palmetto Financial Consultants, LLC",18035206392.0,http://www.pfcagency.com,6.0,3.7
JHS Consulting,18434245312.0,http://www.jhsconsulting.com,,
Executive Consulting Enterprise,18035507296.0,http://www.executiveconsultingenterprise.com,,
"F.A. Johnson Consulting Group, Inc.",18037992057.0,http://fajohnsondevelopmentgroup.com,1.0,5.0
M&M Tax Service,18039023991.0,http://www.mmtax.com,86.0,4.9
TRACS Consulting LLC,18033869651.0,http://www.tracsconsulting.com,,
Bridgeway Consulting,18036199144.0,http://www.bridgeway-consulting.com,,
Jeffrey Adams - UBS Financial Services Inc.,18589477131.0,https://advisors.ubs.com,,
Strategy Growth Consulting,18038814769.0,https://strategygrowthconsulting.com,,
WebWise Bookkeeping,18432122028.0,http://www.webwisebookkeeping.com,1.0,5.0
"Holt Consulting Company, LLC",18037714658.0,https://holtconsultingco.com,1.0,5.0
Amicus GMP Consultants,18038390202.0,http://www.amicusgmp.com,,
"First Sun Consulting, LLC- Outplacement Services",18663112514.0,http://www.firstsun.com,2.0,5.0
"Amore Consulting, LLC",18039997592.0,http://amoreconsulting.com,,
Kimley-Horn,18034038558.0,http://www.kimley-horn.com,3.0,5.0
Expanding With Asha,18642146278.0,https://ashagilliam.com,,
CAMPBELL CONSULTING GROUP,18034462670.0,http://www.thecampbellconsultinggroup.net,,
The Plan Consulting Group,18004061307.0,http://theplanconsultinggroup.com,,
SamCor Consulting,18035228712.0,http://samcor.org,,
Sean Larkin | Lexington Digital Marketing Consultant,18593095987.0,https://www.creekmoremarketing.com,3.0,5.0
Collins Consultants Inc,18039268000.0,http://www.collinsconsultants.biz,,
"Sharp Business Consulting Services, LLC",18037241312.0,http://sharpbusinessconsulting.com,,
Anchored Consulting LLC,18035972838.0,https://anchoredconsultingllc.com,,
Research Planning Inc,18032567322.0,https://www.researchplanning.com,1.0,5.0
Palmetto Environmental Consulting,18034460577.0,http://www.palmettoenv.com,,
CASE Consulting,18039261600.0,https://www.caseconsultingco.com,,
J. Brown Consulting LLC,18643581132.0,http://www.jbrownconsultingllc.com,,
"Atlantic Executive Consulting, LLC",18037241414.0,http://www.reasonablecomp.biz,,
TechChx,18032408953.0,http://techchx.com,,
J. Brown Consulting LLC,18643581132.0,https://jbrownconsultingllc.com,,
Neeley Consulting,18033975465.0,http://www.neeleyconsulting.biz,1.0,5.0
Tutoring & Consulting,16125671848.0,http://tutor.staceyloulouse.repl.co,,
"Kelli Tutsie REALTOR, EXIT Real Estate Consultants,Columbia",,http://www.tutsiehomegroup.com,7.0,5.0
"Gallagher Insurance, Risk Management & Consulting",18037581400.0,https://locations.ajg.com,2.0,3.0
Apex Bookkeeping & Business Consulting,18035561678.0,https://www.apexbookkeepingsc.com,,
Cotney - Attorneys & Consultants,18036700732.0,http://cotneycl.com,2.0,5.0
"Sales & Use Tax Consulting, LLC",18037670887.0,http://sctax.net,,
Donna Davis Presents,18032161761.0,http://www.donnadavispresents.com,,
Kleinschmidt Associates,18033950483.0,http://kleinschmidtgroup.com,,
Definitive Solutions Brokerage LLC,18669964194.0,https://definitivesolutionsbrokeragellc.com,14.0,5.0
Venture Consulting,16095774000.0,https://ventureconsultinginsurance.com,2.0,5.0
Caveni Digital Solutions,12676270119.0,https://caveni.com,37.0,4.8
Unconventional I.T.,17245678575.0,http://www.getuit.net,2.0,5.0
Ty Dev Studios,15705349855.0,https://tydevstudios.com,1.0,5.0
Ambedo Hospitality,16146027945.0,http://www.ambedohospitality.com,,
T. Brooks Web Design LLC,16099141318.0,https://www.tbrookswebdesign.com,43.0,4.9
Coal Region Consulting & Investigations LLC,15705272156.0,https://www.crciusa.com,1.0,5.0
"Environmental Consultants & Affiliates Network, LLC",15705051172.0,http://ecanllc.com,13.0,4.9
Stock Moe Financial Education Consulting,15705055234.0,https://stockmoe.com,5.0,5.0
"AMXHUB, LLC",18562542802.0,http://amxhub.com,,
The Liberty Group,15703270111.0,https://thelibertygroup.net,5.0,5.0
Looking Glass Consulting & Digital Marketing,15703609125.0,https://www.lookingglassmc.com,7.0,5.0
CSR Enterprise Networks,15703220590.0,https://www.csrinc.com,8.0,5.0
"Compu-Gen Technologies, Inc",15703238324.0,http://www.compu-gen.com,40.0,4.3
Yankee Public Relations,19084254878.0,http://www.yankeepr.com,,
"IMC, Inc.",15703293200.0,http://www.imcpa.com,7.0,4.9
"North East Commercial Safety Consulting, LLC (NECSC, LLC)",15705604506.0,https://www.truckingsafetyexperts.com,4.0,5.0
"Pinnacle Payroll, Tax & Consulting Services",15703988332.0,http://www.pinnacletaxpros.com,1.0,5.0
Padgett Advisors,15707403857.0,https://www.padgettofcentralpa.com,9.0,4.8
The Mc Nor Group Inc.,14103214444.0,http://www.mcnorgroup.com,19.0,2.9
Culinary Harvest,12673264849.0,https://www.culinaryharvest.com,,
RDF Tax Services LLC,15706014403.0,http://www.rdftax.com,11.0,5.0
"Javier & Chandiramani Law Firm, LLP",19174098898.0,http://www.jclawfirm.com,5.0,5.0
Positive Medium,15708440050.0,https://positivemedium.com,21.0,5.0
Miller Environmental Group,15703688216.0,http://www.millerenv.com,4.0,4.5
Rational Capital Advisors LLC,12674051528.0,http://www.rationalcapadvisors.com,,
Cross Life Ventures,,http://crosslifeventures.com,6.0,5.0
Four Oaks Geophysics,17179250570.0,http://www.fouroaksgeophysics.com,,
"Impact Energy Consulting, LLC",,https://indigosupplyco.business.site,1.0,5.0
J. Wrench Construction Consulting,15703908540.0,https://joshwrench.wixsite.com,,
Xtego Networks,15705068111.0,https://xtego.com,7.0,4.7
PennCore Consulting LLC,15709803994.0,http://www.penncoreconsulting.com,,
Pennsylvania Fbla,15703984652.0,https://www.pafbla.org,5.0,3.8
Blu Dream Love and Wellness,,https://www.bludreamloveandwellness.com,,
Full Spectrum Services LLC,13478609520.0,https://fssav.com,1.0,5.0
Jason A. Clarke Computer Consulting,15704199594.0,http://www.jasonaclarke.com,1.0,5.0
JNJ Technology,16098510068.0,http://www.jnjtec.com,15.0,4.7
Get HR Ready,18444384773.0,https://www.gethrready.com,,
Boss Financial Focus,13022054660.0,http://bossfinancialfocus.com,,
Bassett Engineering,15703682131.0,https://bassetteng.com,1.0,5.0
RKW Consulting,15707726366.0,http://rkw-consulting.com,2.0,3.5
Larson Design Group,18773236603.0,http://www.larsondesigngroup.com,6.0,3.5
Ambient Environmental & WWL,12722020220.0,http://ambientenviromental.net,1.0,5.0
"Weaver Wireless Consultants, LLC.",15702200154.0,https://weaverwireless.com,6.0,5.0
Certain Aged Ventures,15709712153.0,http://certainaged.com,,
Real IT Care LLC,15703232650.0,https://www.realitcare.com,2.0,5.0
Janney Montgomery Scott LLC,15703265700.0,https://advisor.janney.com,2.0,3.0
Easy Online Advertising,15702207249.0,http://www.ezonlineadvertising.com,1.0,5.0
STV Inc.,15703266245.0,https://stvinc.com,,
The Wensel Team,17175469292.0,https://www.movingtopa.com,,
"Merit Financial Advisors, LLC",15703228407.0,https://www.meritfinancialadvisors.com,2.0,5.0
The Tech Chaps,12722303390.0,https://www.thetechchaps.com,,
Breon & Associates,17172738626.0,https://breoncpa.com,,
Gayle Bower Instructional Designer,,http://designergaylebower.com,,
Frischman & Rizza P.C.,15706054126.0,http://frlawpa.com,3.0,5.0
Drier Law Office,15703982020.0,https://www.drierlawoffice.com,20.0,4.2
"Gearhart, Wienecke & Verrastro, PC",15703221544.0,http://www.gwvcpas.com,2.0,4.5
James S. Armstrong Associates,15703266528.0,http://jsaassoc.com,5.0,4.2
Estate Organizing Specialists & Senior Downsizing LLC,16038983886.0,https://estateorganizingspecialists.com,1.0,5.0
Lycoming Lactation,15703609217.0,http://www.lycomingbf.com,1.0,5.0
Morgan Stanley Financial Advisors,15703226141.0,https://advisor.morganstanley.com,1.0,4.0
"CDS Property Group I LLC d/b/a Runnin' Down A Dream, a DCL Rental Home",14126006603.0,http://runnindownadreamdclrental.com,,
RETTEW,15703201708.0,http://www.rettew.com,,
"Central PA RV Inspection & Consulting, LLC",15703605421.0,http://www.thervguyofpa.com,4.0,4.0
Imago Innovation,15707729224.0,https://www.innovateimago.com,,
IT Recycling Solution-eWaste DC,12026552644.0,http://www.itrecyclingsolution.com,2.0,4.0
Williamsport/Lycoming Keystone Innovation Zone,15703293200.0,http://www.wlkiz.com,,
Evergreen Exits,15706016960.0,https://egexits.com,,
Stephanie Needs Remote Work,,https://www.linkedin.com,,
"Roche Financial, Inc.",15703221880.0,http://www.rochefinancial.net,2.0,3.0
Envirotrac Limited,15708585076.0,https://envirotrac.com,,
The (Re)Imagination Group,,http://re215.com,,
Garner Behavior Services,15704358180.0,http://www.gbsautism.com,,
AFSO21 LLC,15702095200.0,https://afso21.com,,
Robert A. Hoffa,15702794163.0,http://www.campanalaw.com,7.0,5.0
McCormick Law Firm,15703265131.0,http://www.mcclaw.com,18.0,4.6
Flayhart Martin A,15703981071.0,http://www.yourpalawyer.com,1.0,5.0
Short and Sweet Communications,15702842846.0,http://www.shortsweetcomm.com,,
Nestarick Appraisel & Consulting,15707488890.0,http://www.nestarick.com,,
Berkshire Hathaway HomeServices Hodrick Realty,15703217000.0,https://www.bhhshodrickrealty.net,56.0,4.8
Engage Media LLC,12159482485.0,http://www.engagemedia.us,1.0,5.0
"Carpenter, Harris & Flayhart",15703981071.0,http://yourpalawyer.com,15.0,3.8
Divine Doorway Clinical Consulting Hypnotist,15703603379.0,http://divinedoorway.org,,
Merrill Lynch Financial Advisor Michael W Bush,15703276632.0,https://fa.ml.com,,
"Casale, Bonner, Hillman and Southard, PC.",15703267044.0,https://casalebonner.com,51.0,4.5
Kenneth Hakes - Prudential Financial,15703271290.0,https://www.prudential.com,1.0,1.0
Northwestern Mutual,15703263341.0,https://www.northwesternmutual.com,1.0,5.0
Noah Dean Yoder,15702461230.0,http://www.noahdeanyoder.com,,
Clear View Advisors LLC,15706016759.0,http://www.clearviewadvisorspa.com,1.0,5.0
Isaac Golding Services Co.,15709759848.0,https://www.isaacgolding.com,,
Department of Environmental Protection,15703273636.0,https://www.dep.pa.gov,4.0,2.5
"Stapp Law, LLC",15703261077.0,https://www.stapplaw.net,13.0,4.7
Krasno Krasno & Onwudinjo,15702443071.0,https://www.krasnolaw.com,18.0,5.0
"Raup & Sholder, P.C.",15703210709.0,http://www.rslawyers.net,8.0,4.9
Your Premier Medical Consulting and Supplies Company,18669906316.0,https://argusgroupinc.com,,
Pennsylvania Commonwealth,15703216525.0,https://www.pa.gov,,
"Sharon's Notary, LLC.",15706014442.0,https://sharonsnotary.com,34.0,3.3
#1 Notary Signing Services/ Mobile Notary,15703609066.0,https://websites.godaddy.com,1.0,5.0
Williamsport Lycoming Chamber of Commerce,15703261971.0,http://www.williamsport.org,6.0,5.0
LCC Homeschool Association of PA,15709161376.0,http://www.lcchea.com,,
Merrill Lynch Wealth Management,15703276600.0,https://www.local.ml.com,,
"TGI Electronics, LLC",15704780781.0,http://www.tgielectronics.com,,
ACV Enviro,18007774557.0,https://www.republicservices.com,,
True Vine Investments,15704355029.0,http://www.truevineinvestments.com,,
Robert M. Sides Family Music Center,15703262094.0,http://www.rmsides.com,187.0,4.8
A.J. Willner Auctions,19087899999.0,http://www.ajwillnerauctions.com,,
Let's End Covid,15705675413.0,https://letsendcovid.net,,
"Marshall, Parker & Weber, LLC",15703987603.0,http://www.paelderlaw.com,3.0,3.0
C&N,15703984555.0,https://www.cnbankpa.com,4.0,5.0
Jersey Shore Hospital: Emergency Room,15703983116.0,https://www.geisinger.org,3.0,1.0
Spartronics,15703266591.0,https://www.spartronics.com,3.0,2.3
Signature Savy,15706017565.0,https://www.signaturesavy.com,,
Pinpoint Federal Credit Union,15707423903.0,http://pinpointfcu.org,39.0,4.5
Municipal and School Earned Income Tax Office,15706013980.0,https://lycomingtax.org,6.0,2.7
The Cyber CFO,15708651006.0,http://haroldeckcpa.com,,
Wilmington Trust,15703272985.0,https://locations.wilmingtontrust.com,,
Verdad Group LLC,15207438553.0,http://verdadgroupllc.com,3.0,5.0
"Jean-Leon Magnotto, Associate Broker, CNE REALTOR",14803060730.0,http://retrorealestate.com,47.0,5.0
"Hutzel & Associates, Inc.",16023230222.0,http://www.hutzel.net,,
