"business_id","phone_number","name","full_address","latitude","longitude","review_count","rating","timezone","website","place_id","place_link","types","price_level","Wednesday","Thursday","Friday","Saturday","Sunday","Monday","Tuesday","city","verified","photos","state","description"
"0x8752f5681761e251:0x8b1987edd20af271","+18012646677","Handy & Handy Attorneys At Law","Handy & Handy Attorneys At Law, 2150 S 1300 E Suite 300, Salt Lake City, UT 84106, United States","40.7242333","-111.8542162","241","4.9","America/Denver","https://www.handylawutah.com/","ChIJUeJhF2j1UocRcfIK0u2HGYs","https://www.google.com/maps/place/data=!3m1!4b1!4m2!3m1!1s0x8752f5681761e251:0x8b1987edd20af271","Personal injury attorney","","8AM5PM","8AM5PM","8AM5PM","Closed","Closed","8AM5PM","8AM5PM","Salt Lake City, UT, United States","true","https://lh5.googleusercontent.com/p/AF1QipMy5pDGx9YFWgOF-HFMKWLkqL9TOMXXOyPXHjHB=w203-h135-k-no","Closed  Opens 8AM",""
"0x80c2c64cbc81bee1:0xe28f2310f9164081","+12132933350","West Coast Trial Lawyers","West Coast Trial Lawyers, 350 S Grand Ave # 3350, Los Angeles, CA 90071, United States","34.051498599999995","-118.25165729999999","307","4.8","America/Los_Angeles","https://westcoasttriallawyers.com/?utm_source=GMB+LA+South+Grand&utm_medium=GMB","ChIJ4b6BvEzGwoARgUAW-RAjj-I","https://www.google.com/maps/place/data=!3m1!4b1!4m2!3m1!1s0x80c2c64cbc81bee1:0xe28f2310f9164081","Personal injury attorney, Law firm, Attorney, Legal services, Trial attorney","","Open 24 hours","Open 24 hours","Open 24 hours","Open 24 hours","Open 24 hours","Open 24 hours","Open 24 hours","Los Angeles, CA, United States","true","https://lh5.googleusercontent.com/p/AF1QipNENmIVai_9BlXNU2KkWyyNjG0D5cY1G-5ojDEG=w203-h141-k-no","Open 24 hours",""
"0x809ad0d6fec6de1f:0x6619203998174067","+19164459555","Office of the Attorney General","Office of the Attorney General, 1300 I St, Sacramento, CA 95814, United States","38.579913999999995","-121.4881724","8","2.1","America/Los_Angeles","https://oag.ca.gov/","ChIJH97G_tbQmoARZ0AXmDkgGWY","https://www.google.com/maps/place/data=!3m1!4b1!4m2!3m1!1s0x809ad0d6fec6de1f:0x6619203998174067","Business center, District attorney","","9AM5PM","9AM5PM","9AM5PM","Closed","Closed","9AM5PM","9AM5PM","Sacramento, CA, United States","false","https://lh5.googleusercontent.com/p/AF1QipPDFjYp3yRps32rFBMlWXvIvoWfW-FWMEE5F9c8=w203-h269-k-no","Closed  Opens 9AM",""
"0x80c2c7dac5ad434f:0x304fc46a19db0352","+12137444201","L A County District Attorney","L A County District Attorney, 1933 S Broadway #730, Los Angeles, CA 90007, United States","34.0312694","-118.2661644","12","3.2","America/Los_Angeles","https://da.lacounty.gov/","ChIJT0OtxdrHwoARUgPbGWrETzA","https://www.google.com/maps/place/data=!3m1!4b1!4m2!3m1!1s0x80c2c7dac5ad434f:0x304fc46a19db0352","District attorney, County government office","","8AM5PM","8AM5PM","8AM5PM","Closed","Closed","8AM5PM","8AM5PM","Los Angeles, CA, United States","false","https://lh5.googleusercontent.com/p/AF1QipNraVIxE345lySP79avlQaUm_-heHAvHWn_UorH=w203-h114-k-no","Closed  Opens 8AM",""
"0x4888152b870afcb5:0xbf023fdea712a543","01698283265","Scullion LAW | Solicitors","Scullion LAW | Solicitors, 105 Cadzow St, Hamilton ML3 6HG, United Kingdom","55.7772545","-4.0385358","206","4.6","Europe/London","https://www.scullionlaw.com/","ChIJtfwKhysViEgRQ6USp94_Ar8","https://www.google.com/maps/place/data=!3m1!4b1!4m2!3m1!1s0x4888152b870afcb5:0xbf023fdea712a543","Attorney, Conveyancer, Criminal justice attorney, Divorce lawyer, Elder law attorney, Estate planning attorney, Family law attorney, Law firm, Personal injury attorney, Real estate attorney","","Open 24 hours","Open 24 hours","Open 24 hours","Open 24 hours","Open 24 hours","Open 24 hours","Open 24 hours","Hamilton, United Kingdom","true","https://lh5.googleusercontent.com/p/AF1QipO_PHfa8J6yndstutYe4f0wBhoeg9ZTBhHRRNBa=w203-h135-k-no","Open 24 hours",""
"0x4887c796e51ae719:0x9b04af5d0added3c","01312255214","Lawford Kidd","Lawford Kidd, 19 W Tollcross, Edinburgh EH3 9QN, United Kingdom","55.9430489","-3.2068775","53","4.9","Europe/London","https://www.lawfordclaims.com/?utm_source=google&utm_medium=organic&utm_campaign=gbp-listing","ChIJGeca5ZbHh0gRPO3dCl2vBJs","https://www.google.com/maps/place/data=!3m1!4b1!4m2!3m1!1s0x4887c796e51ae719:0x9b04af5d0added3c","Personal injury attorney, Law firm, Attorney, Trial attorney","","9AM5PM","9AM5PM","9AM5PM","Closed","Closed","9AM5PM","9AM5PM","Edinburgh, United Kingdom","true","https://lh5.googleusercontent.com/p/AF1QipNvAduYbgMLMzVPpADKPFNBRelWZXadJ2-D-I5J=w203-h114-k-no","Open  Closes 5PM",""
"0x488847fb65a3dec9:0x33ebb751f5be0182","01416115221","Austin Lafferty Ltd","Austin Lafferty Ltd, 118 Ayr Rd, Newton Mearns, Glasgow G77 6EG, United Kingdom","55.7803414","-4.3192431","100","5","Europe/London","https://www.austinlafferty.co.uk/contact-us/newton-mearns/","ChIJyd6jZftHiEgRggG-9VG36zM","https://www.google.com/maps/place/data=!3m1!4b1!4m2!3m1!1s0x488847fb65a3dec9:0x33ebb751f5be0182","Attorney, Divorce lawyer, Estate planning attorney, Family law attorney, Law firm, Legal services, Personal injury attorney, Real estate agent","","9AM5PM","9AM5PM","9AM5PM","Closed","Closed","9AM5PM","9AM5PM","Glasgow, United Kingdom","true","https://streetviewpixels-pa.googleapis.com/v1/thumbnail?panoid=lY820fSY8p84pWM77BfoSw&cb_client=search.gws-prod.gps&w=203&h=100&yaw=314.83975&pitch=0&thumbfov=100","Open  Closes 5PM",""
"0x4887c795f4ba8be1:0x46650272e6950345","01312027516","Gibson Kerr Family Law","Gibson Kerr Family Law, 6 Randolph Cres, Edinburgh EH3 7TH, United Kingdom","55.952014","-3.2107973999999997","32","4.3","Europe/London","https://www.gibsonkerr.co.uk/?utm_source=gmbedinburgh&utm_medium=organic&utm_campaign=gmb-main-link&utm_content=edinburgh","ChIJ4Yu69JXHh0gRRQOV5nICZUY","https://www.google.com/maps/place/data=!3m1!4b1!4m2!3m1!1s0x4887c795f4ba8be1:0x46650272e6950345","Family law attorney, Divorce lawyer, Divorce service, Estate planning attorney, Law firm, Attorney, Legal services, Mediation service, Real estate attorney, Tax attorney","","8:30AM5PM","8:30AM5PM","8:30AM5PM","Closed","Closed","8:30AM5PM","8:30AM5PM","Edinburgh, United Kingdom","true","https://lh5.googleusercontent.com/p/AF1QipMwmNfitq9kTJu6JXylnCUXiNh1jFxhsLVYWx2J=w203-h135-k-no","Open  Closes 5PM",""
"0x4887c7bd980370c1:0x1242c21083373e2b","01314784724","Tidman Legal","Tidman Legal, 6 St Colme St, Edinburgh EH3 6AD, United Kingdom","55.953345399999996","-3.2085874999999997","82","5","Europe/London","https://www.tidmanlegal.com/","ChIJwXADmL3Hh0gRKz43gxDCQhI","https://www.google.com/maps/place/data=!3m1!4b1!4m2!3m1!1s0x4887c7bd980370c1:0x1242c21083373e2b","Attorney, Intellectual property registry, Law firm, Legal services, Notary public, Patent attorney","","9AM5:30PM","9AM5:30PM","9AM5:30PM","Closed","Closed","9AM5:30PM","9AM5:30PM","Edinburgh, United Kingdom","true","https://streetviewpixels-pa.googleapis.com/v1/thumbnail?panoid=zNWDVRdpw2JNhgTXjumbyg&cb_client=search.gws-prod.gps&w=203&h=100&yaw=346.89743&pitch=0&thumbfov=100","Open  Closes 5:30PM",""
"0x4888152a28384155:0x673fc18e1ce427b0","01698285885","Charles Ferguson Solicitors","Charles Ferguson Solicitors, 6 Keith St, Hamilton ML3 7BL, United Kingdom","55.7759605","-4.0329723","26","4.5","Europe/London","https://www.charlesferguson.co.uk/","ChIJVUE4KCoViEgRsCfkHI7BP2c","https://www.google.com/maps/place/data=!3m1!4b1!4m2!3m1!1s0x4888152a28384155:0x673fc18e1ce427b0","Criminal justice attorney, Law firm, Attorney, Legal aid office, Legal services, Trial attorney","","Open 24 hours","Open 24 hours","Open 24 hours","Open 24 hours","Open 24 hours","Open 24 hours","Open 24 hours","Hamilton, United Kingdom","true","https://lh5.googleusercontent.com/p/AF1QipOz8YGl_GgA4cZHyt1XF8fNAA1rXmk1MgQAlb1J=w203-h114-k-no","Open 24 hours",""
"0x48758bd384a28881:0xd4536045276780c1","07935219228","Wills in Plain English","","47.73855","12.508827499999999","25","5","Europe/London","http://www.willsinplainenglish.co.uk/","ChIJgYiihNOLdUgRwYBnJ0VgU9Q","https://www.google.com/maps/place/data=!3m1!4b1!4m2!3m1!1s0x48758bd384a28881:0xd4536045276780c1","Estate planning attorney, Service establishment, Legal services","","9AM6PM","9AM6PM","9AM6PM","Closed","Closed","9AM6PM","9AM6PM","","true","","Open  Closes 6PM",""
"0x48883f426d83b751:0x6466f99bf9221bed","01355263777","Austin Lafferty Ltd","Austin Lafferty Ltd, Princes Square, 213, Edinburgh House, Cornwall St, East Kilbride, Glasgow G74 1LJ, United Kingdom","55.7612397","-4.1783466","55","4.9","Europe/London","https://www.austinlafferty.co.uk/contact-us/east-kilbride/","ChIJUbeDbUI_iEgR7Rsi-Zv5ZmQ","https://www.google.com/maps/place/data=!3m1!4b1!4m2!3m1!1s0x48883f426d83b751:0x6466f99bf9221bed","Attorney, Divorce lawyer, Estate planning attorney, Family law attorney, Law firm, Legal services, Personal injury attorney, Real estate agency","","9AM5PM","9AM5PM","9AM5PM","Closed","Closed","9AM5PM","9AM5PM","Glasgow, United Kingdom","true","https://streetviewpixels-pa.googleapis.com/v1/thumbnail?panoid=FF1cq7OPPWCjEPDSUfsvWg&cb_client=search.gws-prod.gps&w=203&h=100&yaw=99.188065&pitch=0&thumbfov=100","Open  Closes 5PM",""
"0x4887c78e833fb759:0x48f6a561ad9d2674","01315606625","Joseph G Boyd & Co Court Lawyers","Joseph G Boyd & Co Court Lawyers, 34 Lochrin Buildings, Edinburgh EH3 9ND, United Kingdom","55.941885199999994","-3.2046498","144","4.9","Europe/London","http://www.legalaidlawyersscotland.com/","ChIJWbc_g47Hh0gRdCadrWGl9kg","https://www.google.com/maps/place/data=!3m1!4b1!4m2!3m1!1s0x4887c78e833fb759:0x48f6a561ad9d2674","Attorney, City courthouse, Civil law attorney, Criminal justice attorney, Faculty of law, Family law attorney, Law firm, Legal aid office, Legal services","","9AM5PM","9AM5PM","9AM4:30PM","Closed","Closed","9AM5PM","9AM5PM","Edinburgh, United Kingdom","true","https://lh5.googleusercontent.com/p/AF1QipMSol3P5doTW77aFAHVtdqJymy3_3bBu8mZ9Vk8=w203-h135-k-no","Open  Closes 5PM",""
"0x4887bf5468d6dc55:0x9134730c9865e630","01312100172","Shand & Co Solicitors","Shand & Co Solicitors, 102 High St, Dalkeith EH22 1HZ, United Kingdom","55.8942945","-3.0694817999999997","60","5","Europe/London","https://www.shandsolicitors.co.uk/","ChIJVdzWaFS_h0gRMOZlmAxzNJE","https://www.google.com/maps/place/data=!3m1!4b1!4m2!3m1!1s0x4887bf5468d6dc55:0x9134730c9865e630","Attorney, Civil law attorney, Divorce lawyer, Employment attorney, Family law attorney","","9AM5PM","9AM5PM","9AM5PM","Closed","Closed","9AM5PM","9AM5PM","Dalkeith, United Kingdom","true","https://streetviewpixels-pa.googleapis.com/v1/thumbnail?panoid=QzaYcY8_BuRauBziClrQuQ&cb_client=search.gws-prod.gps&w=203&h=100&yaw=137.06425&pitch=0&thumbfov=100","Open  Closes 5PM",""
"0x488845e58a7186df:0xc37f9c497e4493d9","01312976707","Scullion LAW | Solicitors","Scullion LAW | Solicitors, 93 George St, Edinburgh EH2 3ES, United Kingdom","55.953098","-3.2026102","31","4.6","Europe/London","https://scullionlaw.com/","ChIJ34ZxiuVFiEgR2ZNEfkmcf8M","https://www.google.com/maps/place/data=!3m1!4b1!4m2!3m1!1s0x488845e58a7186df:0xc37f9c497e4493d9","Attorney, Conveyancer, Criminal justice attorney, Divorce lawyer, Elder law attorney, Estate planning attorney, Family law attorney, Law firm, Personal injury attorney, Real estate attorney","","Open 24 hours","Open 24 hours","Open 24 hours","Open 24 hours","Open 24 hours","Open 24 hours","Open 24 hours","Edinburgh, United Kingdom","true","https://lh5.googleusercontent.com/p/AF1QipOJLWhok97C268pBGTi_NUe498qwbMYfgPKx6IJ=w203-h135-k-no","Open 24 hours",""
"0x48887e748dd20721:0x4e35a10688fc9e52","01414789090","Kee Solicitors","Kee Solicitors, 146 W Regent St, Glasgow G2 2RQ, United Kingdom","55.863551199999996","-4.2602215","37","4.8","Europe/London","https://www.keesolicitors.co.uk/?utm_source=google&utm_medium=organic&utm_campaign=gbp-listing","ChIJIQfSjXR-iEgRUp78iAahNU4","https://www.google.com/maps/place/data=!3m1!4b1!4m2!3m1!1s0x48887e748dd20721:0x4e35a10688fc9e52","Family law attorney, Conveyancer, Personal injury attorney","","9AM5PM","9AM5PM","9AM5PM","Closed","Closed","9AM5PM","9AM5PM","Glasgow, United Kingdom","true","https://streetviewpixels-pa.googleapis.com/v1/thumbnail?panoid=qGTKIUxpEV4-D7TltHDRPw&cb_client=search.gws-prod.gps&w=203&h=100&yaw=322.7935&pitch=0&thumbfov=100","Open  Closes 5PM",""
"0x4888493803b10b95:0xe5065943e12f4f83","01418893196","Hunter & Robertson Solicitors","Hunter & Robertson Solicitors, 35 High St, Paisley PA1 2AG, United Kingdom","55.844995499999996","-4.4261026","169","4.5","Europe/London","https://www.hunter-robertson.co.uk/","ChIJlQuxAzhJiEgRg08v4UNZBuU","https://www.google.com/maps/place/data=!3m1!4b1!4m2!3m1!1s0x4888493803b10b95:0xe5065943e12f4f83","Law firm, Criminal justice attorney, Divorce lawyer, Family law attorney","","9AM5PM","9AM5PM","9AM5PM","Closed","Closed","9AM5PM","9AM5PM","Paisley, United Kingdom","true","https://lh5.googleusercontent.com/p/AF1QipO78N2d8GG_znTBCGhtLSsKn8HKSB27AyDrlPM=w386-h100-k-no","Open  Closes 5PM",""
"0x488846a3a4b7b0b5:0x37fb2b1cfad163e4","01413742121","Scullion LAW | Solicitors","Scullion LAW | Solicitors, 220 St Vincent St, Glasgow G2 5SG, United Kingdom","55.862412899999995","-4.2621112","55","4.5","Europe/London","https://www.scullionlaw.com/","ChIJtbC3pKNGiEgR5GPR-hwr-zc","https://www.google.com/maps/place/data=!3m1!4b1!4m2!3m1!1s0x488846a3a4b7b0b5:0x37fb2b1cfad163e4","Attorney, Conveyancer, Criminal justice attorney, Divorce lawyer, Elder law attorney, Estate planning attorney, Family law attorney, Law firm, Personal injury attorney, Real estate attorney","","Open 24 hours","Open 24 hours","Open 24 hours","Open 24 hours","Open 24 hours","Open 24 hours","Open 24 hours","Glasgow, United Kingdom","true","https://lh5.googleusercontent.com/p/AF1QipOdYOg8eHUKG64HL98bacod5AjkTYk20xRTGfeJ=w203-h304-k-no","Open 24 hours",""
"0x4888471fb954609f:0x3a23b2dc6cc5b961","01412801112","HD Claims - No Win No Fee Personal Injury Claims In Glasgow","2nd Floor, HD Claims - No Win No Fee Personal Injury Claims In Glasgow, Clyde Offices, 48 W George St, Glasgow G2 1BP, United Kingdom","55.8620558","-4.2532986","71","4.9","Europe/London","https://hdclaims.co.uk/","ChIJn2BUuR9HiEgRYbnFbNyyIzo","https://www.google.com/maps/place/data=!3m1!4b1!4m2!3m1!1s0x4888471fb954609f:0x3a23b2dc6cc5b961","Personal injury attorney, Insurance attorney, Attorney, Medical lawyer","","Open 24 hours","Open 24 hours","Open 24 hours","Open 24 hours","Open 24 hours","Open 24 hours","Open 24 hours","Glasgow, United Kingdom","true","https://lh5.googleusercontent.com/p/AF1QipOHB0TvWr9Ms11wrSZqDanapAm_UpfbRV9ZzEmW=w203-h203-k-no","Open 24 hours",""
"0x488847b9f6a1f5d3:0x7e5826de4afb8999","01416212212","Austin Lafferty Ltd","Austin Lafferty Ltd, 213 Fenwick Rd, Giffnock, Glasgow G46 6JD, United Kingdom","55.804356399999996","-4.2944302","53","4.9","Europe/London","https://www.austinlafferty.co.uk/contact-us/giffnock/","ChIJ0_Wh9rlHiEgRmYn7St4mWH4","https://www.google.com/maps/place/data=!3m1!4b1!4m2!3m1!1s0x488847b9f6a1f5d3:0x7e5826de4afb8999","Attorney, Divorce lawyer, Estate planning attorney, Family law attorney, Law firm, Legal services, Personal injury attorney, Real estate agency","","9AM5PM","9AM5PM","9AM5PM","Closed","Closed","9AM5PM","9AM5PM","Glasgow, United Kingdom","true","https://streetviewpixels-pa.googleapis.com/v1/thumbnail?panoid=jfgaqImf8_Yvz5rxrwIB7Q&cb_client=search.gws-prod.gps&w=203&h=100&yaw=84.046196&pitch=0&thumbfov=100","Open  Closes 5PM",""
"0x4889d684b117f263:0x5996f330496a11ec","01292289584","McLennan Adam Davis Solicitors","McLennan Adam Davis Solicitors, 13 Alloway Pl, Ayr KA7 2AA, United Kingdom","55.458834599999996","-4.6354888999999995","67","4.5","Europe/London","https://www.mad-law.co.uk/","ChIJY_IXsYTWiUgR7BFqSTDzllk","https://www.google.com/maps/place/data=!3m1!4b1!4m2!3m1!1s0x4889d684b117f263:0x5996f330496a11ec","Legal services, Criminal justice attorney, Family law attorney","","9AM1PM","9AM1PM","9AM1PM","Closed","Closed","9AM1PM","9AM1PM","Ayr, United Kingdom","true","https://lh5.googleusercontent.com/p/AF1QipPKjy1bgUahwZkvx5-GSxB0k4kH2VlqbloYQS8_=w203-h135-k-no","Open  Closes 1PM  Reopens 2PM",""
"0x4887c7f84b807b89:0x71dafd423e476161","01315548649","ELP Arbuthnott McClanachan Solicitors & Estate Agents","ELP Arbuthnott McClanachan Solicitors & Estate Agents, 98 Ferry Rd., Edinburgh EH6 4PG, United Kingdom","55.974771999999994","-3.1840921","70","4.9","Europe/London","https://www.elpamsolicitors.co.uk/?utm_source=google&utm_medium=organic&utm_campaign=gmb-listing-f","ChIJiXuAS_jHh0gRYWFHPkL92nE","https://www.google.com/maps/place/data=!3m1!4b1!4m2!3m1!1s0x4887c7f84b807b89:0x71dafd423e476161","Employment attorney, Business attorney, Conveyancer, Estate planning attorney, Executor, Law firm, Attorney, Legal services, Real estate agent, Real estate attorney","","9AM5PM","9AM5PM","9AM5PM","Closed","Closed","9AM5PM","9AM5PM","Edinburgh, United Kingdom","true","https://lh5.googleusercontent.com/p/AF1QipOLwQnMVQPCh-rpayHswTJh4BaT5ReoE7NZ2nvp=w203-h142-k-no","Open  Closes 5PM",""
"0x4888442a5e7fc7e3:0x4a0389a70826d731","01416412912","The Glasgow Law Practice","The Glasgow Law Practice, 124 Main St, Cambuslang, Glasgow G72 7EL, United Kingdom","55.818927099999996","-4.1683164","26","4.2","Europe/London","http://www.theglasgowlawpractice.co.uk/","ChIJ48d_XipEiEgRMdcmCKeJA0o","https://www.google.com/maps/place/data=!3m1!4b1!4m2!3m1!1s0x4888442a5e7fc7e3:0x4a0389a70826d731","Attorney, Employment attorney, Family law attorney, Law firm","","9AM5PM","9AM5PM","9AM5PM","Closed","Closed","9AM5PM","9AM5PM","Glasgow, United Kingdom","true","https://lh5.googleusercontent.com/p/AF1QipO_WIxyaRs0RsJdbwSJsJt2j9sorFyZFNkjaCNz=w203-h126-k-no","Open  Closes 5PM",""
"0x4888459135642289:0x4a5e53cf2fa984fc","01419504672","Jain, Neil & Ruddy Solicitors","Jain, Neil & Ruddy Solicitors, 1869 Great Western Rd, Glasgow G13 2UX, United Kingdom","55.8925254","-4.3327212","49","4.9","Europe/London","https://www.jnrsolicitors.com/","ChIJiSJkNZFFiEgR_ISpL89TXko","https://www.google.com/maps/place/data=!3m1!4b1!4m2!3m1!1s0x4888459135642289:0x4a5e53cf2fa984fc","Attorney, Conveyancer, Estate planning attorney, Family law attorney, General practice attorney, Law firm, Legal services","","9AM5PM","9AM5PM","9AM5PM","Closed","Closed","9AM5PM","9AM5PM","Glasgow, United Kingdom","true","https://lh5.googleusercontent.com/p/AF1QipNytjJL_Sluv-oMVNtLbU32Hb2B3Lr9oMkJgRCC=w203-h152-k-no","Open  Closes 5PM",""
"0x4889d69cbe17949f:0xafee705634731935","01292281711","The McKinstry Company","The McKinstry Company, 39 Sandgate, Ayr KA7 1BE, United Kingdom","55.4633672","-4.6329008","43","4.4","Europe/London","https://www.mckinstry.co.uk/","ChIJn5QXvpzWiUgRNRlzNFZw7q8","https://www.google.com/maps/place/data=!3m1!4b1!4m2!3m1!1s0x4889d69cbe17949f:0xafee705634731935","Attorney, Divorce lawyer, Employment attorney, Estate planning attorney, Family law attorney, Personal injury attorney","","9AM5:30PM","9AM5:30PM","9AM5PM","Closed","Closed","9AM5:30PM","9AM5:30PM","Ayr, United Kingdom","true","https://streetviewpixels-pa.googleapis.com/v1/thumbnail?panoid=Fo8aom1oMQw6ClIELTXNuA&cb_client=search.gws-prod.gps&w=203&h=100&yaw=116.744125&pitch=0&thumbfov=100","Open  Closes 5:30PM",""
"0x4889ce7af8210973:0x72f2fc053472f751","01294274097","McSherry Halliday","Suite 1, McSherry Halliday, Elliott House, Kilwinning Rd, Irvine KA12 8TG, United Kingdom","55.637781499999996","-4.6779271","40","4.7","Europe/London","http://www.mcsherryhalliday.co.uk/","ChIJcwkh-HrOiUgRUfdyNAX88nI","https://www.google.com/maps/place/data=!3m1!4b1!4m2!3m1!1s0x4889ce7af8210973:0x72f2fc053472f751","Attorney, Conveyancer, Divorce lawyer, Elder law attorney, Estate planning attorney, Family law attorney, Financial planner, Real estate agent, Real estate attorney","","9AM12:30PM","9AM12:30PM","9AM12:30PM","Closed","Closed","9AM12:30PM","9AM12:30PM","Irvine, United Kingdom","true","https://streetviewpixels-pa.googleapis.com/v1/thumbnail?panoid=gkvFBG_B9TEcZJUs4BKcnQ&cb_client=search.gws-prod.gps&w=203&h=100&yaw=311.4136&pitch=0&thumbfov=100","Open  Closes 12:30PM  Reopens 1:30PM",""
"0x4887c7a2efb42f1f:0xc8b33be41cfd37d7","01312707700","Anderson Strathern Solicitors Edinburgh","Anderson Strathern Solicitors Edinburgh, 58 Morrison St, Edinburgh EH3 8BP, United Kingdom","55.94616","-3.2072802","48","4.9","Europe/London","https://www.andersonstrathern.co.uk/contact-us/edinburgh/","ChIJHy-076LHh0gR1zf9HOQ7s8g","https://www.google.com/maps/place/data=!3m1!4b1!4m2!3m1!1s0x4887c7a2efb42f1f:0xc8b33be41cfd37d7","Attorney, Conveyancer, Divorce lawyer, Employment attorney, Estate planning attorney, Family law attorney, Law firm, Legal services, Real estate attorney, Tax attorney","","9AM5PM","9AM5PM","9AM5PM","Closed","Closed","9AM5PM","9AM5PM","Edinburgh, United Kingdom","true","https://lh5.googleusercontent.com/p/AF1QipNshIHFwlZnrZuTQuPGlQdntNqAeiXY46ASIJlE=w203-h167-k-no","Open  Closes 5PM",""
"0x89c3bde3f3751d0f:0x721f2404c46c521a","+18006200900","Lawyer.com","Lawyer.com, 25 Mountainview Blvd #206, Basking Ridge, NJ 07920, United States","40.6443941","-74.57735869999999","25","4.2","America/New_York","https://www.lawyer.com/","ChIJDx118-O9w4kRGlJsxAQkH3I","https://www.google.com/maps/place/data=!3m1!4b1!4m2!3m1!1s0x89c3bde3f3751d0f:0x721f2404c46c521a","Legal services, Internet marketing service","","Open 24 hours","Open 24 hours","Open 24 hours","Open 24 hours","Open 24 hours","Open 24 hours","Open 24 hours","Basking Ridge, NJ, United States","true","https://lh5.googleusercontent.com/p/AF1QipN4OBzcXPfcdl1z33NAuX2KcshqbSGHq_EiP5ty=w203-h152-k-no","Open 24 hours",""
"0x48887a3001bd0ddb:0xa43c076729944474","01324875870","Thomas Docherty Solicitors","Thomas Docherty Solicitors, 3/10 Vicar Street Falkirk Business Hub, Falkirk FK1 1LL, United Kingdom","56.0012939","-3.7841156999999996","37","4.1","Europe/London","http://www.solicitorsfalkirk.com/","ChIJ2w29ATB6iEgRdESUKWcHPKQ","https://www.google.com/maps/place/data=!3m1!4b1!4m2!3m1!1s0x48887a3001bd0ddb:0xa43c076729944474","Attorney, Civil law attorney, Divorce lawyer, Estate planning attorney, Family law attorney, Law firm, Legal services, Notary public, Real estate attorney","","9AM5PM","9AM5PM","9AM5PM","Closed","Closed","9AM5PM","9AM5PM","Falkirk, United Kingdom","true","https://lh5.googleusercontent.com/p/AF1QipMTXOtOJX5jqT3SxSJAd9j9DtrO1FaHnGDY4Q_r=w203-h114-k-no","Open  Closes 5PM",""
"0x4888469e5b562135:0xd3131013159cc423","01412218888","Harper Macleod LLP","Harper Macleod LLP, The Ca'd'oro, 45 Gordon St, Glasgow G1 3PE, United Kingdom","55.8604452","-4.256493799999999","150","4.4","Europe/London","https://www.harpermacleod.co.uk/get-in-touch/glasgow/","ChIJNSFWW55GiEgRI8ScFRMQE9M","https://www.google.com/maps/place/data=!3m1!4b1!4m2!3m1!1s0x4888469e5b562135:0xd3131013159cc423","Attorney, Divorce lawyer, Divorce service, Elder law attorney, Employment attorney, Estate planning attorney, Family law attorney, Law firm, Legal services, Personal injury attorney","","9AM5PM","9AM5PM","9AM5PM","Closed","Closed","9AM5PM","9AM5PM","Glasgow, United Kingdom","true","https://lh5.googleusercontent.com/p/AF1QipP7Lcauz1Mno0QixJ4_alCWGDkfY55EXkAvV_Px=w203-h114-k-no","Open  Closes 5PM",""
"0x4876dcbf81b9d09d:0x600f4606e50f1827","01869351833","Julian Taylor HR Solicitors","","51.8278682","-1.0980588","15","5","Europe/London","https://www.juliantaylorhr.com/?utm_source=google&utm_medium=organic&utm_campaign=local-listing","ChIJndC5gb_cdkgRJxgP5QZGD2A","https://www.google.com/maps/place/data=!3m1!4b1!4m2!3m1!1s0x4876dcbf81b9d09d:0x600f4606e50f1827","Employment attorney, Service establishment, Attorney","","9AM5:30PM","9AM5:30PM","9AM5:30PM","Closed","Closed","9AM5:30PM","9AM5:30PM","","true","https://lh5.googleusercontent.com/p/AF1QipNRE76s6c9xsE2n-ZRF3ENGxH3bFQv7UuPBxmLT=w203-h152-k-no","Open  Closes 5:30PM",""
"0x486711e2eb795d0b:0x89741d581021fc28","+35319602047","Joseph McNally Solicitors","Joseph McNally Solicitors, Santry Cross, The Maieston, Ballymun, Dublin, D11 T925, Ireland","53.400241099999995","-6.2641079","32","4.2","Europe/Dublin","http://www.jmsolicitors.ie/","ChIJC1156-IRZ0gRKPwhEFgddIk","https://www.google.com/maps/place/data=!3m1!4b1!4m2!3m1!1s0x486711e2eb795d0b:0x89741d581021fc28","Personal injury attorney, Civil law attorney, Criminal justice attorney, Divorce lawyer, Employment attorney, Family law attorney, Immigration attorney, Law firm, Attorney, Small claims assistance service","","Open 24 hours","Open 24 hours","Open 24 hours","Open 24 hours","Open 24 hours","Open 24 hours","Open 24 hours","Dublin, Ireland","true","https://streetviewpixels-pa.googleapis.com/v1/thumbnail?panoid=cwvcet516rMHe7r4J47FrQ&cb_client=search.gws-prod.gps&w=203&h=100&yaw=261.84262&pitch=0&thumbfov=100","Open 24 hours",""
"0x487b727b10c9f2d3:0xc6321ebc05ee21cb","01772253841","BSG Solicitors","BSG Solicitors, 5 Winckley St, Preston PR1 2AA, United Kingdom","53.7575515","-2.7019508","36","4.8","Europe/London","http://www.bsglaw.co.uk/","ChIJ0_LJEHtye0gRyyHuBbweMsY","https://www.google.com/maps/place/data=!3m1!4b1!4m2!3m1!1s0x487b727b10c9f2d3:0xc6321ebc05ee21cb","Attorney, Divorce lawyer, Employment attorney, Estate planning attorney, Family law attorney, General practice attorney, Law firm, Legal services, Real estate attorney","","9AM5PM","9AM5PM","9AM5PM","Closed","Closed","9AM5PM","9AM5PM","Preston, United Kingdom","true","https://lh5.googleusercontent.com/p/AF1QipNeCeMUztKaKDzCF3UnnVKjKPOjJlQKmJ4ATCf7=w203-h114-k-no","Open  Closes 5PM",""
"0x4888469e6b05b97f:0xb2b6fb54088e337","01412211919","Miller Samuel Hill Brown Solicitors","Miller Samuel Hill Brown Solicitors, The Forsyth Building, 5 Renfield St, Glasgow G2 5EZ, United Kingdom","55.860820999999994","-4.257338","38","4.2","Europe/London","https://www.mshblegal.com/","ChIJf7kFa55GiEgRN-OIQLVvKws","https://www.google.com/maps/place/data=!3m1!4b1!4m2!3m1!1s0x4888469e6b05b97f:0xb2b6fb54088e337","Attorney, Divorce lawyer, Elder law attorney, Employment attorney, Family law attorney, Law firm, Personal injury attorney, Real estate attorney","","9AM5PM","9AM5PM","9AM5PM","Closed","Closed","9AM5PM","9AM5PM","Glasgow, United Kingdom","true","https://lh5.googleusercontent.com/p/AF1QipNFDRQIkQMT7XbvG1u6oG8Y_OeuWAa-wbrI0iSq=w203-h135-k-no","Open  Closes 5PM",""
"0x48886b4fad4d9bad:0xb12118c62990ebd4","01698252331","Michael Lott","Michael Lott, 1-3 Merry St, Motherwell ML1 1JJ, United Kingdom","55.7906811","-3.9927943999999997","14","5","Europe/London","","ChIJrZtNrU9riEgR1OuQKcYYIbE","https://www.google.com/maps/place/data=!3m1!4b1!4m2!3m1!1s0x48886b4fad4d9bad:0xb12118c62990ebd4","Attorney, Family law attorney, General practice attorney, Trial attorney","","9AM5PM","9AM5PM","9AM5PM","Closed","Closed","9AM5PM","9AM5PM","Motherwell, United Kingdom","true","https://streetviewpixels-pa.googleapis.com/v1/thumbnail?panoid=HuABa1EyJm8d3KKnpdfMTQ&cb_client=search.gws-prod.gps&w=203&h=100&yaw=57.47885&pitch=0&thumbfov=100","Open  Closes 5PM",""
"0x4887ca9e57a10b31:0xe2e47f734c9c24bd","01592214032","McLaughlin & Co, Solicitors and Notaries","McLaughlin & Co, Solicitors and Notaries, Evans Business Centre, 1 Begg Rd, Kirkcaldy KY2 6HD, United Kingdom","56.1360603","-3.2030174","37","4.1","Europe/London","http://www.mclco.co.uk/","ChIJMQuhV57Kh0gRvSScTHN_5OI","https://www.google.com/maps/place/data=!3m1!4b1!4m2!3m1!1s0x4887ca9e57a10b31:0xe2e47f734c9c24bd","Attorney, Divorce lawyer, Employment attorney, Family law attorney, General practice attorney, Legal services","","9AM5PM","9AM5PM","9AM5PM","Closed","Closed","9AM5PM","9AM5PM","Kirkcaldy, United Kingdom","true","https://lh5.googleusercontent.com/p/AF1QipNK_Yseo6zyybePyCwe0sBCDLeHjpLAahpPztYg=w203-h140-k-no","Open  Closes 5PM",""
"0x48670c2825c5a52b:0x2d777f6194011ccc","+35318723143","Gibson & Associates LLP","The Capel Building,Suite 238, Gibson & Associates LLP, 7 Mary's Abbey, North City, St 7, Co. Dublin, D07 VF6R, Ireland","53.3472588","-6.2692646","233","4.2","Europe/Dublin","http://gibsonandassociates.ie/","ChIJK6XFJSgMZ0gRzBwBlGF_dy0","https://www.google.com/maps/place/data=!3m1!4b1!4m2!3m1!1s0x48670c2825c5a52b:0x2d777f6194011ccc","Personal injury attorney, Conveyancer, Employment attorney, Immigration attorney, Attorney, Legal services, Real estate attorney","","9AM5:30PM","9AM5:30PM","9AM5:30PM","Closed","Closed","9AM5:30PM","9AM5:30PM","St 7, County Dublin, Ireland","true","https://lh5.googleusercontent.com/p/AF1QipMBFa2ReYtuR5bzWIuYIqULp1K3zpg-2BKNDQQ8=w203-h113-k-no","Open  Closes 5:30PM",""
"0x48883294d9bf225d:0x3d285b01504b14b7","01563544545","McCluskey Browne Solicitors","McCluskey Browne Solicitors, 7 Portland Rd, Ayrshire, Kilmarnock KA1 2BT, United Kingdom","55.6079479","-4.5011496","42","4.6","Europe/London","https://www.mccluskeybrowne.co.uk/","ChIJXSK_2ZQyiEgRtxRLUAFbKD0","https://www.google.com/maps/place/data=!3m1!4b1!4m2!3m1!1s0x48883294d9bf225d:0x3d285b01504b14b7","Attorney, Civil law attorney, Conveyancer, Criminal justice attorney, Employment attorney, Estate planning attorney, Family law attorney, General practice attorney","","9AM5PM","9AM5PM","9AM5PM","Closed","Closed","9AM5PM","9AM5PM","Kilmarnock, United Kingdom","true","https://lh5.googleusercontent.com/p/AF1QipOjfIT3ey3_MwInWoxWU7p6LbAtAa4rLrtMk7HB=w203-h114-k-no","Open  Closes 5PM",""
"0x4888415633352499:0x3989140cd554773a","01415518185","Macnairs & Wilson Solicitors","Macnairs & Wilson Solicitors, 662 Alexandra Parade, Glasgow G31 3BU, United Kingdom","55.862974699999995","-4.2111972","20","4.3","Europe/London","http://www.macnairswilson.co.uk/glasgow.html","ChIJmSQ1M1ZBiEgROndU1QwUiTk","https://www.google.com/maps/place/data=!3m1!4b1!4m2!3m1!1s0x4888415633352499:0x3989140cd554773a","Attorney, Divorce lawyer, Elder law attorney, Employment attorney, Estate planning attorney, Family law attorney, Law firm","","9AM5PM","9AM5PM","9AM4PM","Closed","Closed","9AM5PM","9AM5PM","Glasgow, United Kingdom","true","https://lh5.googleusercontent.com/p/AF1QipPmCu2wiHogzmO1M16WFCWGymYNEHJ4TRXgC7yJ=w203-h114-k-no","Open  Closes 5PM",""
"0x4888469f6f5433f5:0xa0db3d49096428f1","01412550295","Scintilla","Suite 2, Scintilla, 1 145 St Vincent St, Glasgow G2 5JF, United Kingdom","55.861621","-4.25967","45","4.1","Europe/London","https://www.scintilla-ip.com/","ChIJ9TNUb59GiEgR8ShkCUk926A","https://www.google.com/maps/place/data=!3m1!4b1!4m2!3m1!1s0x4888469f6f5433f5:0xa0db3d49096428f1","Patent attorney","","9AM5PM","9AM5PM","9AM5PM","Closed","Closed","9AM5PM","9AM5PM","Glasgow, United Kingdom","true","https://streetviewpixels-pa.googleapis.com/v1/thumbnail?panoid=46pntFRyGOH35BBtb-8cSA&cb_client=search.gws-prod.gps&w=203&h=100&yaw=192.1789&pitch=0&thumbfov=100","Open  Closes 5PM",""
"0x488846997d4e8f5f:0xd3f93175217c7ac9","01414293100","Bridge","Bridge, 63 Carlton Pl, Glasgow G5 9TW, United Kingdom","55.854025899999996","-4.255940799999999","12","4.5","Europe/London","","ChIJX49OfZlGiEgRyXp8IXUx-dM","https://www.google.com/maps/place/data=!3m1!4b1!4m2!3m1!1s0x488846997d4e8f5f:0xd3f93175217c7ac9","Criminal justice attorney, Employment attorney, Attorney","","9AM5PM","9AM5PM","9AM5PM","Closed","Closed","9AM5PM","9AM5PM","Glasgow, United Kingdom","true","https://lh5.googleusercontent.com/p/AF1QipMfrr5q6MWp-SxW0nDeosDcu4Lk_NS2VADt--KV=w203-h114-k-no","Open  Closes 5PM",""
"0x4888416fdc08ee1f:0x6ce295be00ad461d","01414298166","Livingstone Brown","Livingstone Brown, 250 W George St, Glasgow G2 4QY, United Kingdom","55.863085","-4.261768099999999","47","4.1","Europe/London","http://www.livbrown.co.uk/?utm_source=google&utm_medium=organic&utm_campaign=gbp-listing","ChIJH-4I3G9BiEgRHUatAL6V4mw","https://www.google.com/maps/place/data=!3m1!4b1!4m2!3m1!1s0x4888416fdc08ee1f:0x6ce295be00ad461d","Law firm, Criminal justice attorney, Employment attorney, Immigration attorney, Legal services, Personal injury attorney","","9AM5PM","9AM5PM","9AM5PM","Closed","Closed","9AM5PM","9AM5PM","Glasgow, United Kingdom","true","https://lh5.googleusercontent.com/p/AF1QipPWhRcjiv6A9a53cdCzZ6m2UdurW54VcePlgdft=w238-h100-k-no","Open  Closes 5PM",""
"0x4888442ff14d855b:0x2e662bc9faf63bb5","01413323702","Quinn Martin & Langan Solicitors","Quinn Martin & Langan Solicitors, 68 Maryhill Rd, Glasgow G20 7QB, United Kingdom","55.872195","-4.2685451","34","4.6","Europe/London","https://qmlsolicitors.com/","ChIJW4VN8S9EiEgRtTv2-skrZi4","https://www.google.com/maps/place/data=!3m1!4b1!4m2!3m1!1s0x4888442ff14d855b:0x2e662bc9faf63bb5","Attorney, Criminal justice attorney, Family law attorney, Immigration attorney","","9AM5:30PM","9AM5:30PM","9AM5:30PM","Closed","Closed","9AM5:30PM","9AM5:30PM","Glasgow, United Kingdom","true","https://lh5.googleusercontent.com/p/AF1QipMcObRqLVVCmfG18vkqhLCHmaLC4thimMNUI6h2=w203-h270-k-no","Open  Closes 5:30PM",""
"0x487b9e540f09cfbf:0x9d12bbd7b7c839d5","01254667733","Napthens Solicitors","Napthens Solicitors, Darwen House, Walker Office Park, Walker Rd, Blackburn BB1 2QE, United Kingdom","53.7258796","-2.4531799999999997","66","4.7","Europe/London","http://www.napthens.co.uk/","ChIJv88JD1See0gR1TnIt9e7Ep0","https://www.google.com/maps/place/data=!3m1!4b1!4m2!3m1!1s0x487b9e540f09cfbf:0x9d12bbd7b7c839d5","Legal services, Divorce lawyer, Employment attorney, Estate planning attorney, Family law attorney, Labor relations attorney, Personal injury attorney, Real estate attorney","","8:30AM5PM","8:30AM5PM","8:30AM5PM","Closed","Closed","8:30AM5PM","8:30AM5PM","Blackburn, United Kingdom","true","https://lh5.googleusercontent.com/p/AF1QipPm6moEtilUgyrXwiNeJy_TqRF5moWHOlgndkP7=w203-h152-k-no","Open  Closes 5PM",""
"0x4888416fdec06e23:0xbd5b2d4e52e1ce9b","01417789657","Livingstone Brown","Livingstone Brown, 775 Shettleston Rd, Glasgow G32 7NN, United Kingdom","55.852316699999996","-4.1765874","43","4","Europe/London","http://www.livbrown.co.uk/?utm_source=google&utm_medium=organic&utm_campaign=gbp-listing","ChIJI27A3m9BiEgRm87hUk4tW70","https://www.google.com/maps/place/data=!3m1!4b1!4m2!3m1!1s0x4888416fdec06e23:0xbd5b2d4e52e1ce9b","Attorney, Civil law attorney, Criminal justice attorney, Employment attorney, Family law attorney, Law firm, Legal services, Personal injury attorney","","9AM5PM","9AM5PM","9AM5PM","Closed","Closed","9AM5PM","9AM5PM","Glasgow, United Kingdom","true","https://lh5.googleusercontent.com/p/AF1QipPBTmnUVs_sZo1JjvVo7hH9SIKSq8eVt-6oipZE=w238-h100-k-no","Open  Closes 5PM",""
"0x488847eab796a5eb:0x5b8490c9a7bbfe08","01412426060","Anderson Strathern Solicitors Glasgow","Anderson Strathern Solicitors Glasgow, George House, 50 George Square, Glasgow G2 1EH, United Kingdom","55.8616319","-4.2493373","22","4.8","Europe/London","https://www.andersonstrathern.co.uk/contact-us/glasgow/","ChIJ66WWt-pHiEgRCP67p8mQhFs","https://www.google.com/maps/place/data=!3m1!4b1!4m2!3m1!1s0x488847eab796a5eb:0x5b8490c9a7bbfe08","Attorney, Conveyancer, Divorce lawyer, Employment attorney, Estate planning attorney, Family law attorney, Law firm, Legal services, Real estate attorney, Tax attorney","","9AM5PM","9AM5PM","9AM5PM","Closed","Closed","9AM5PM","9AM5PM","Glasgow, United Kingdom","true","https://streetviewpixels-pa.googleapis.com/v1/thumbnail?panoid=ut_LCzj9lAtecKtDW0xJmQ&cb_client=search.gws-prod.gps&w=203&h=100&yaw=316.93698&pitch=0&thumbfov=100","Open  Closes 5PM",""
"0x4888469e52d19ddb:0xc08bb518318a1541","01412483456","Raeside Chisholm Solicitors Limited","Raeside Chisholm Solicitors Limited, Tontine House, 8 Gordon St, Glasgow G1 3PL, United Kingdom","55.8605127","-4.2547261","473","4.9","Europe/London","https://www.raesidechisholm.co.uk/","ChIJ253RUp5GiEgRQRWKMRi1i8A","https://www.google.com/maps/place/data=!3m1!4b1!4m2!3m1!1s0x4888469e52d19ddb:0xc08bb518318a1541","Attorney, Legal services, Real estate attorney","","9AM5PM","9AM5PM","9AM5PM","Closed","Closed","9AM5PM","9AM5PM","Glasgow, United Kingdom","true","https://lh5.googleusercontent.com/p/AF1QipNaVIUwbPkl-uLMKfs_r02e8jMqqgw5itNuB6OB=w368-h100-k-no","Open  Closes 5PM",""
"0x4888468c6fbf2375:0xf9a9dc21589ba40a","01412589191","Imtiaz Immigration Associates","Imtiaz Immigration Associates, 19 Forth St, Pollokshields, Glasgow G41 2SP, United Kingdom","55.843219299999994","-4.2697943","110","5","Europe/London","http://www.iiassociates.org.uk/","ChIJdSO_b4xGiEgRCqSbWCHcqfk","https://www.google.com/maps/place/data=!3m1!4b1!4m2!3m1!1s0x4888468c6fbf2375:0xf9a9dc21589ba40a","Immigration attorney","","10AM6PM","10AM6PM","10AM6PM","Closed","Closed","10AM6PM","10AM6AM","Glasgow, United Kingdom","true","https://streetviewpixels-pa.googleapis.com/v1/thumbnail?panoid=TZFAN6q9sz0Z4NV4xChqow&cb_client=search.gws-prod.gps&w=203&h=100&yaw=81.99525&pitch=0&thumbfov=100","Open  Closes 6AM Wed",""
"0x488869d80968cea7:0xad0f32f4da6d6d08","01417794466","The Glasgow Law Practice","The Glasgow Law Practice, 100 Cumbernauld Rd, Chryston, Glasgow G69 9AB, United Kingdom","55.899784499999996","-4.1095206","11","4.5","Europe/London","http://www.theglasgowlawpractice.co.uk/","ChIJp85oCdhpiEgRCG1t2vQyD60","https://www.google.com/maps/place/data=!3m1!4b1!4m2!3m1!1s0x488869d80968cea7:0xad0f32f4da6d6d08","Law firm, Employment attorney, Family law attorney, General practice attorney","","9AM5PM","9AM5PM","9AM5PM","Closed","Closed","9AM5PM","9AM5PM","Glasgow, United Kingdom","true","https://lh5.googleusercontent.com/p/AF1QipOt2OqEcXoijbt5X9A_KzHI9XaTNul7OXKK4rN0=w203-h126-k-no","Open  Closes 5PM",""
"0xf67292b4e554f5d:0xc14761add306acb5","07512768507","MJ Wills and Powers of Attorney Ltd","","52.8247338","-2.0281544","7","5","Europe/London","https://willsandpowersofattorney.co.uk/","ChIJXU9VTispZw8RtawG061hR8E","https://www.google.com/maps/place/data=!3m1!4b1!4m2!3m1!1s0xf67292b4e554f5d:0xc14761add306acb5","Legal services, Service establishment, Estate planning attorney","","9AM5PM","9AM5PM","9AM5PM","Closed","Closed","9AM5PM","9AM5PM","","true","https://lh5.googleusercontent.com/p/AF1QipNOERaTxBBb3EGsK7kWt_lZpplLMEZJdh-OCrwI=w339-h100-k-no","Open  Closes 5PM",""
"0x4889d69b6a4dcfa1:0x1264f69162fec01d","01292266900","AC White Solicitors","AC White Solicitors, 23 Wellington Square, Ayr KA7 1HG, United Kingdom","55.4607211","-4.635826499999999","40","4","Europe/London","https://www.acwhiteayr.co.uk/","ChIJoc9NapvWiUgRHcD-YpH2ZBI","https://www.google.com/maps/place/data=!3m1!4b1!4m2!3m1!1s0x4889d69b6a4dcfa1:0x1264f69162fec01d","Attorney, Divorce lawyer, Employment attorney, Estate planning attorney, Family law attorney, Labor relations attorney, Legal services, Real estate attorney, Trial attorney","","9AM5PM","9AM5PM","9AM5PM","Closed","Closed","9AM5PM","9AM5PM","Ayr, United Kingdom","true","https://lh5.googleusercontent.com/p/AF1QipNpfT5KuZHMCm5f-WpVLITWMKpgXshSke0vdt8x=w203-h135-k-no","Open  Closes 5PM",""
"0x4887c1caa282f547:0x870b61f784b2b004","01312252121","Allan McDougall Solicitors Penicuik","Allan McDougall Solicitors Penicuik, 20 High St, Penicuik EH26 8HW, United Kingdom","55.8264668","-3.2219208","5","4.8","Europe/London","http://www.allanmcdougall.co.uk/","ChIJR_WCosrBh0gRBLCyhPdhC4c","https://www.google.com/maps/place/data=!3m1!4b1!4m2!3m1!1s0x4887c1caa282f547:0x870b61f784b2b004","Personal injury attorney, Employment attorney, Family law attorney","","9AM5PM","9AM5PM","9AM5PM","Closed","Closed","9AM5PM","9AM5PM","Penicuik, United Kingdom","true","https://lh5.googleusercontent.com/p/AF1QipNvtFLSInyUpfjEfsPmBLMi_FwiJpTuaFhoojgb=w203-h162-k-no","Open  Closes 5PM",""
"0x487b447ba549dbaf:0xfe370e1eaa13c492","01253622305","Napthens Solicitors Fylde Coast","Napthens Solicitors Fylde Coast, jubilee house, East Beach, Lytham St Annes, Lytham Saint Annes FY8 5FT, United Kingdom","53.737546699999996","-2.9470997999999997","55","4.6","Europe/London","http://www.napthens.co.uk/","ChIJr9tJpXtEe0gRksQTqh4ON_4","https://www.google.com/maps/place/data=!3m1!4b1!4m2!3m1!1s0x487b447ba549dbaf:0xfe370e1eaa13c492","Legal services, Divorce lawyer, Employment attorney, Estate planning attorney, Family law attorney, Patent attorney, Personal injury attorney, Real estate attorney","","9AM5PM","9AM5PM","9AM5PM","Closed","Closed","9AM5PM","9AM5PM","Lytham Saint Annes, United Kingdom","true","https://lh5.googleusercontent.com/p/AF1QipOEKWptdtvxGGLxzuaAoobAX_TV2FhRH3xNrU5-=w203-h135-k-no","Open  Closes 5PM",""
"0x488841e6a863bcef:0x1b291b91916f14cf","01417732145","The Glasgow Law Practice","The Glasgow Law Practice, 81 Main St, Baillieston, Glasgow G69 6AD, United Kingdom","55.8504654","-4.110403799999999","8","4.4","Europe/London","http://www.theglasgowlawpractice.co.uk/","ChIJ77xjqOZBiEgRzxRvkZEbKRs","https://www.google.com/maps/place/data=!3m1!4b1!4m2!3m1!1s0x488841e6a863bcef:0x1b291b91916f14cf","Attorney, Employment attorney, Family law attorney, Law firm, Real estate attorney","","Open 24 hours","Open 24 hours","Open 24 hours","Open 24 hours","Open 24 hours","Open 24 hours","Open 24 hours","Glasgow, United Kingdom","true","https://lh5.googleusercontent.com/p/AF1QipODYv_TRH6FdoQCaozK9-XvoZGFlhwInvTlH0ix=w203-h126-k-no","Open 24 hours",""
"0x4888479949d6f1ab:0x947791f9b8f32aad","01416200800","Claphams Solicitors","1B, Claphams Solicitors, Helena House, 1B Busby Rd, Clarkston Toll, Clarkston, Glasgow G76 7RA, United Kingdom","55.7905866","-4.2777196","303","4.9","Europe/London","https://www.davidcclapham.co.uk/","ChIJq_HWSZlHiEgRrSrzuPmRd5Q","https://www.google.com/maps/place/data=!3m1!4b1!4m2!3m1!1s0x4888479949d6f1ab:0x947791f9b8f32aad","Attorney, Divorce lawyer, Elder law attorney, Estate planning attorney, Family law attorney, Real estate attorney","","9AM5PM","9AM5PM","9AM5PM","Closed","Closed","9AM5PM","9AM5PM","Glasgow, United Kingdom","true","https://lh5.googleusercontent.com/p/AF1QipP3Q9tCw679HIz06Oa70DGWD6TPXU49_U2X38Sb=w310-h100-k-no","Open  Closes 5PM",""
"0x4887c7a33a77c051:0x1ddcc43039a92057","01312252121","Allan McDougall Solicitors","Allan McDougall Solicitors, 3 Coates Cres, Edinburgh EH3 7AL, United Kingdom","55.9491577","-3.2112312","19","3.8","Europe/London","http://www.allanmcdougall.co.uk/","ChIJUcB3OqPHh0gRVyCpOTDE3B0","https://www.google.com/maps/place/data=!3m1!4b1!4m2!3m1!1s0x4887c7a33a77c051:0x1ddcc43039a92057","Personal injury attorney, Employment attorney, Family law attorney","","9AM5PM","9AM5PM","9AM5PM","Closed","Closed","9AM5PM","9AM5PM","Edinburgh, United Kingdom","true","https://lh5.googleusercontent.com/p/AF1QipOkweo4VWzyicQKct9wsZ8wmUu0RSETT7GZwDIp=w203-h162-k-no","Open  Closes 5PM",""
"0x48884142ef27d18d:0xa13cbb7f60976cf9","01415510096","Turnbull McCarron Solicitors","Turnbull McCarron Solicitors, 124 Westmuir St, Parkhead, Glasgow G31 5BW, United Kingdom","55.8515569","-4.1934356","16","4.4","Europe/London","https://moirandsweeney.com/","ChIJjdEn70JBiEgR-WyXYH-7PKE","https://www.google.com/maps/place/data=!3m1!4b1!4m2!3m1!1s0x48884142ef27d18d:0xa13cbb7f60976cf9","Legal services, Criminal justice attorney, Divorce lawyer, Family law attorney","","9AM5:30PM","9AM5:30PM","9AM5:30PM","Closed","Closed","9AM5:30PM","9AM5:30PM","Glasgow, United Kingdom","true","https://lh5.googleusercontent.com/p/AF1QipPBB3R0qIoVDur7pl3tiDDQ0yU4IzlJGfB-OJCX=w300-h100-k-no","Open  Closes 5:30PM",""
"0x4887beb27cf794fb:0xd4bd28f17c2a3f7c","01312252121","Allan McDougall Solicitors Dalkeith","Allan McDougall Solicitors Dalkeith, 93 High St, Dalkeith EH22 1JA, United Kingdom","55.8946538","-3.0697297","6","4.3","Europe/London","https://www.allanmcdougall.co.uk/","ChIJ-5T3fLK-h0gRfD8qfPEovdQ","https://www.google.com/maps/place/data=!3m1!4b1!4m2!3m1!1s0x4887beb27cf794fb:0xd4bd28f17c2a3f7c","Personal injury attorney, Employment attorney, Family law attorney","","9AM5PM","9AM5PM","9AM5PM","Closed","Closed","9AM5PM","9AM5PM","Dalkeith, United Kingdom","true","https://lh5.googleusercontent.com/p/AF1QipN1D_1vk2Kr4fWDqdNQ6rdFvhF1q7cCHvFPgTo=w203-h162-k-no","Open  Closes 5PM",""
"0x487b627e0c2c20cd:0x6bd410b71f78de14","01524581306","MG Legal Solicitors Lancaster","MG Legal Solicitors Lancaster, 1 Westbourne Rd, Lancaster LA1 5DB, United Kingdom","54.0478903","-2.808712","33","4.8","Europe/London","https://www.mglegal.co.uk/about-us/our-offices/solicitors-in-lancaster/","ChIJzSAsDH5ie0gRFN54H7cQ1Gs","https://www.google.com/maps/place/data=!3m1!4b1!4m2!3m1!1s0x487b627e0c2c20cd:0x6bd410b71f78de14","Legal services, Estate planning attorney, Personal injury attorney, Real estate attorney","","9AM5:30PM","9AM5:30PM","9AM5:30PM","Closed","Closed","9AM5:30PM","9AM5:30PM","Lancaster, United Kingdom","true","https://lh5.googleusercontent.com/p/AF1QipOu1Et-DxoxYhMt5-m0pRdqFMCryE9IQGinzg-B=w203-h152-k-no","Open  Closes 5:30PM",""
"0x4888469c8f5c80ed:0x8859c3f4aaa71d20","01413031100","Morton Fraser MacRoberts LLP","Capella Building, Morton Fraser MacRoberts LLP, 60 York St, Glasgow G2 8JX, United Kingdom","55.857605199999995","-4.2625144","24","3.9","Europe/London","http://www.mfmac.com/","ChIJ7YBcj5xGiEgRIB2nqvTDWYg","https://www.google.com/maps/place/data=!3m1!4b1!4m2!3m1!1s0x4888469c8f5c80ed:0x8859c3f4aaa71d20","Attorney, Employment attorney, Family law attorney, Law firm, Patent attorney","","8AM5:30PM","8AM5:30PM","8AM5:30PM","Closed","Closed","8AM5:30PM","8AM5:30PM","Glasgow, United Kingdom","true","https://lh5.googleusercontent.com/p/AF1QipPVYW67H9qIyu0-U5Eky2fx5Bj0U111BhwCo863=w203-h135-k-no","Open  Closes 5:30PM",""
"0x488849304251aea9:0x7fb35cc861d7ab85","01418875181","Macnairs + Wilson Solicitors Paisley","Macnairs + Wilson Solicitors Paisley, 9-11, New St, Paisley PA1 1XU, United Kingdom","55.8445301","-4.426037","17","4.1","Europe/London","http://www.macnairswilson.co.uk/paisley.html","ChIJqa5RQjBJiEgRhavXYchcs38","https://www.google.com/maps/place/data=!3m1!4b1!4m2!3m1!1s0x488849304251aea9:0x7fb35cc861d7ab85","Attorney, Divorce lawyer, Elder law attorney, Family law attorney, Law firm, Real estate attorney","","9AM5PM","9AM5PM","9AM5PM","Closed","Closed","9AM5PM","9AM5PM","Paisley, United Kingdom","true","https://lh5.googleusercontent.com/p/AF1QipMMjX2XAkZ1otJZIUJGjDshM7UcF3a8i_VV3OoD=w203-h114-k-no","Open  Closes 5PM",""
"0x4888442bced6adcb:0xc502e749a199ca49","01413004300","Irwin Mitchell Solicitors","2nd Floor, Irwin Mitchell Solicitors, 1 W Regent St, Glasgow G2 1RW, United Kingdom","55.8627833","-4.255214","17","4.4","Europe/London","https://www.irwinmitchell.com/our-offices/united-kingdom/glasgow","ChIJy63WzitEiEgRScqZoUnnAsU","https://www.google.com/maps/place/data=!3m1!4b1!4m2!3m1!1s0x4888442bced6adcb:0xc502e749a199ca49","Attorney, Divorce lawyer, Employment attorney, Estate planning attorney, Family law attorney, General practice attorney, Law firm, Legal services, Personal injury attorney, Real estate attorney","","7AM8PM","7AM8PM","7AM8PM","9AM5PM","9AM5PM","7AM8PM","7AM8PM","Glasgow, United Kingdom","true","https://lh5.googleusercontent.com/p/AF1QipNnWf09o71qhGyGCobYw0yH5Ho8cX8XQRv7WXrD=w203-h135-k-no","Open  Closes 8PM",""
"0x48886b5226dc2271:0x248b2fac7dcd443a","01698254644","Ness Gallagher Solicitors & Property","Ness Gallagher Solicitors & Property, 358 Brandon St, Motherwell ML1 1XA, United Kingdom","55.7876243","-3.9871057999999997","7","4.7","Europe/London","https://www.nessgallagher.co.uk/","ChIJcSLcJlJriEgROkTNfawviyQ","https://www.google.com/maps/place/data=!3m1!4b1!4m2!3m1!1s0x48886b5226dc2271:0x248b2fac7dcd443a","Attorney, Criminal justice attorney, Employment attorney, Estate planning attorney, Family law attorney, Personal injury attorney, Real estate agent, Real estate attorney","","","","","","","","","Motherwell, United Kingdom","true","https://lh5.googleusercontent.com/p/AF1QipNS9-W86GuoKN9TQvStQJhyJqq2nLbyeaPznxPG=w203-h203-k-no","",""
"0x4887c7a25618353b:0xa431047912166969","01312289900","Shepherd and Wedderburn LLP","Shepherd and Wedderburn LLP, 9 Haymarket Square, Edinburgh EH3 8FY, United Kingdom","55.9458249","-3.2160819999999997","18","4.3","Europe/London","https://shepwedd.com/?utm_source=GMB&utm_medium=webclick&utm_campaign=Edinburgh","ChIJOzUYVqLHh0gRaWkWEnkEMaQ","https://www.google.com/maps/place/data=!3m1!4b1!4m2!3m1!1s0x4887c7a25618353b:0xa431047912166969","Attorney, Bankruptcy attorney, Employment attorney, Immigration attorney, Law firm, Legal services, Mediation service, Patent attorney, Tax attorney, Trial attorney","","9AM5PM","9AM5PM","9AM5PM","Closed","Closed","9AM5PM","9AM5PM","Edinburgh, United Kingdom","true","https://streetviewpixels-pa.googleapis.com/v1/thumbnail?panoid=u9aNSvpFGbw4bkAludwcHg&cb_client=search.gws-prod.gps&w=203&h=100&yaw=176.69867&pitch=0&thumbfov=100","Open  Closes 5PM",""
"0x488844288cffd2ef:0x53044ccf5b822022","08000499688","Ilaws","Ilaws, 272 Bath St, Glasgow G2 4JR, United Kingdom","55.865474999999996","-4.26874","25","4.1","Europe/London","http://www.ilawsscotland.co.uk/","ChIJ79L_jChEiEgRIiCCW89MBFM","https://www.google.com/maps/place/data=!3m1!4b1!4m2!3m1!1s0x488844288cffd2ef:0x53044ccf5b822022","Legal services","","9AM5PM","9AM5PM","9AM5PM","Closed","Closed","9AM5PM","9AM5PM","Glasgow, United Kingdom","true","https://streetviewpixels-pa.googleapis.com/v1/thumbnail?panoid=sZV57LzAV0RbU9Zu9BepPA&cb_client=search.gws-prod.gps&w=203&h=100&yaw=17.587393&pitch=0&thumbfov=100","Open  Closes 5PM",""
"0x4887c7859f6ae6f3:0xfba152fa175a2afc","01312256111","Paterson Bell Solicitors","Paterson Bell Solicitors, 34 Blair St, Edinburgh EH1 1QR, United Kingdom","55.9490145","-3.1873069","9","4.1","Europe/London","https://www.patersonbell.co.uk/contact-paterson-bell/solicitors-edinburgh/","ChIJ8-Zqn4XHh0gR_CpaF_pSofs","https://www.google.com/maps/place/data=!3m1!4b1!4m2!3m1!1s0x4887c7859f6ae6f3:0xfba152fa175a2afc","Criminal justice attorney, Law firm, Attorney, Legal aid office, Legal services, Trial attorney","","8AM6PM","8AM6PM","8AM6PM","Closed","Closed","8AM6PM","8AM6PM","Edinburgh, United Kingdom","true","https://lh5.googleusercontent.com/p/AF1QipOom2t0-fVRQ8EbCMhVP-5CiS2Cnozn2j3jAMbb=w203-h106-k-no","Open  Closes 6PM",""
"0x487bb1c47a30cdbd:0xcbe27d3e4832899","01618279400","Wilson Gunn | Patent & Trade Mark Attorneys","Wilson Gunn | Patent & Trade Mark Attorneys, 5th Floor Blackfriars House The, Parsonage, Manchester M3 2JA, United Kingdom","53.4834294","-2.2478096","8","4.5","Europe/London","https://www.wilsongunn.com/","ChIJvc0wesSxe0gRmSiD5NMnvgw","https://www.google.com/maps/place/data=!3m1!4b1!4m2!3m1!1s0x487bb1c47a30cdbd:0xcbe27d3e4832899","Patent attorney, Law firm, Attorney, Legal services","","9AM5PM","9AM5PM","9AM5PM","Closed","Closed","9AM5PM","9AM5PM","Manchester, United Kingdom","true","https://streetviewpixels-pa.googleapis.com/v1/thumbnail?panoid=MelVP6-5xCncz8IG1kXf_w&cb_client=search.gws-prod.gps&w=203&h=100&yaw=316.99176&pitch=0&thumbfov=100","Open  Closes 5PM",""
"0x88c2c48bd3487105:0x218990d51361a39d","+18133183030","Charles E McKeon Law Offices","Charles E McKeon Law Offices, 707 N Franklin St, Tampa, FL 33602, United States","27.9503815","-82.45882429999999","2","5","America/New_York","","ChIJBXFI04vEwogRnaNhE9WQiSE","https://www.google.com/maps/place/data=!3m1!4b1!4m2!3m1!1s0x88c2c48bd3487105:0x218990d51361a39d","Attorney","","","","","","","","","Tampa, FL, United States","false","https://streetviewpixels-pa.googleapis.com/v1/thumbnail?panoid=rrj0Fj-yMlqxcbApBMLexw&cb_client=search.gws-prod.gps&w=203&h=100&yaw=64.72815&pitch=0&thumbfov=100","",""
"0x4cb01df83e70499d:0x99f189c29184b479","+12079432546","Joe Bernstein Law Offices","Joe Bernstein Law Offices, Milo, ME 04463, United States","45.253619199999996","-68.9859513","","","America/New_York","","ChIJnUlwPvgdsEwRebSEkcKJ8Zk","https://www.google.com/maps/place/data=!3m1!4b1!4m2!3m1!1s0x4cb01df83e70499d:0x99f189c29184b479","Attorney","","","","","","","","","Milo, ME, United States","false","https://streetviewpixels-pa.googleapis.com/v1/thumbnail?panoid=r2rKPRMcL5rf5JQu6JzY4g&cb_client=search.gws-prod.gps&w=203&h=100&yaw=299.9881&pitch=0&thumbfov=100","",""
"0x89e48caa7bd5c591:0x72fd6e75ab167a0","+15088222071","Gay & Gay: David Gay","Gay & Gay: David Gay, 73 Washington St, Taunton, MA 02780, United States","41.9045464","-71.09524739999999","11","4.8","America/New_York","http://www.gayandgaypc.com/","ChIJkcXVe6qM5IkRoGexWufWLwc","https://www.google.com/maps/place/data=!3m1!4b1!4m2!3m1!1s0x89e48caa7bd5c591:0x72fd6e75ab167a0","Attorney, Divorce lawyer, Estate planning attorney, Family law attorney, General practice attorney, Labor relations attorney, Personal injury attorney, Real estate attorney, Small claims assistance service","","9AM5PM","9AM5PM","9AM5PM","Closed","Closed","9AM5PM","9AM5PM","Taunton, MA, United States","true","https://lh5.googleusercontent.com/p/AF1QipO03-PbLuYth4hxZiK2HHdh-DqlacpP5pg4isbI=w203-h152-k-no","Closed  Opens 9AM",""
"0x8821bd9848c7fa71:0x72810832400ff1e7","+19892461296","Scott Moore Attorney","Scott Moore Attorney, 237 W Cedar Ave, Gladwin, MI 48624, United States","43.9807828","-84.4840622","10","4.1","America/Detroit","","ChIJcfrHSJi9IYgR5_EPQDIIgXI","https://www.google.com/maps/place/data=!3m1!4b1!4m2!3m1!1s0x8821bd9848c7fa71:0x72810832400ff1e7","Legal services","","","","","","","","","Gladwin, MI, United States","false","https://streetviewpixels-pa.googleapis.com/v1/thumbnail?panoid=rHUJPnSmHoPihmxvZ2PpRg&cb_client=search.gws-prod.gps&w=203&h=100&yaw=346.0371&pitch=0&thumbfov=100","",""
"0x88203279d2ebfc69:0xd468f1b5ada1ba9c","+19893665361","Bauchan Law Offices","Bauchan Law Offices, 4611 W Houghton Lake Dr, Houghton Lake, MI 48629, United States","44.2979008","-84.7314233","9","3.2","America/Detroit","http://www.bauchan.com/","ChIJafzr0nkyIIgRnLqhrbXxaNQ","https://www.google.com/maps/place/data=!3m1!4b1!4m2!3m1!1s0x88203279d2ebfc69:0xd468f1b5ada1ba9c","Attorney, Attorney referral service, Bankruptcy attorney, Employment attorney, General practice attorney, Insurance attorney, Patent attorney, Personal injury attorney, Social security attorney, Trial attorney","","Open 24 hours","Open 24 hours","Open 24 hours","Open 24 hours","Open 24 hours","Open 24 hours","Open 24 hours","Houghton Lake, MI, United States","true","https://streetviewpixels-pa.googleapis.com/v1/thumbnail?panoid=NXkoskqkgO5DqMDPcX0d7g&cb_client=search.gws-prod.gps&w=203&h=100&yaw=181.78261&pitch=0&thumbfov=100","Open 24 hours",""
"0x8821a2c862c77d7d:0x9626a2338fc58fa","+19894264344","Steven R. Worpell Jr. Attorney at Law","Steven R. Worpell Jr. Attorney at Law, M-61, Gladwin, MI 48624, United States","43.981758","-84.42848","","","America/Detroit","","ChIJfX3HYsiiIYgR-lj8OCNqYgk","https://www.google.com/maps/place/data=!3m1!4b1!4m2!3m1!1s0x8821a2c862c77d7d:0x9626a2338fc58fa","General practice attorney","","","","","","","","","Gladwin, MI, United States","false","https://streetviewpixels-pa.googleapis.com/v1/thumbnail?panoid=-gMPR5dE4msvytEbobk4rA&cb_client=search.gws-prod.gps&w=203&h=100&yaw=357.4621&pitch=0&thumbfov=100","",""
"0x882034ef323d8aa1:0x264ee5a702cdd191","+19892024567","Dawn M LaCasse Attorney","Dawn M LaCasse Attorney, 1960 W Houghton Lake Dr, Prudenville, MI 48651, United States","44.2991254","-84.6764954","2","1","America/Detroit","","ChIJoYo9Mu80IIgRkdHNAqflTiY","https://www.google.com/maps/place/data=!3m1!4b1!4m2!3m1!1s0x882034ef323d8aa1:0x264ee5a702cdd191","Attorney","","","","","","","","","Prudenville, MI, United States","true","https://streetviewpixels-pa.googleapis.com/v1/thumbnail?panoid=oYjfR3o-p6QPdYXY9G3xtQ&cb_client=search.gws-prod.gps&w=203&h=100&yaw=3.866087&pitch=0&thumbfov=100","",""
"0x88f6b80d4b9129a5:0x7134e3354306976","+14788049971","Foshee McMullen Law Group","Foshee McMullen Law Group, 54 Marshall Rd NE, Milledgeville, GA 31061, United States","33.133122799999995","-83.266448","36","4.7","America/New_York","https://fosheemcmullenlaw.com/","ChIJpSmRSw249ogRdmkwVDNOEwc","https://www.google.com/maps/place/data=!3m1!4b1!4m2!3m1!1s0x88f6b80d4b9129a5:0x7134e3354306976","Attorney, Bankruptcy attorney, Divorce lawyer, Personal injury attorney","","8:30AM5PM","8:30AM5PM","8:30AM5PM","Closed","Closed","8:30AM5PM","8:30AM5PM","Milledgeville, GA, United States","true","","Closed  Opens 8:30AM",""
"0x88f69719d7532de5:0xf87e8c726ffe843b","+17064852411","Huskins Law Firm","Huskins Law Firm, 114 W Marion St, Eatonton, GA 31024, United States","33.326499","-83.3893058","15","4.3","America/New_York","http://huskinslawfirm.com/","ChIJ5S1T1xmX9ogRO4T-b3KMfvg","https://www.google.com/maps/place/data=!3m1!4b1!4m2!3m1!1s0x88f69719d7532de5:0xf87e8c726ffe843b","Attorney","","","","","","","","","Eatonton, GA, United States","false","https://lh5.googleusercontent.com/p/AF1QipOuy7MmJakX1tggja6AmgudHsp_m73uWK2EkYGt=w203-h270-k-no","",""
"0x88f6bd2f5cc37f53:0x3f36ad42631d6e09","+17064854772","Lyons & Associates","Lyons & Associates, 136 Anchor Point Dr, Eatonton, GA 31024, United States","33.2259187","-83.41168259999999","1","5","America/New_York","","ChIJU3_DXC-99ogRCW4dY0KtNj8","https://www.google.com/maps/place/data=!3m1!4b1!4m2!3m1!1s0x88f6bd2f5cc37f53:0x3f36ad42631d6e09","Attorney","","","","","","","","","Eatonton, GA, United States","false","","",""
"0x88f692bcf754a62f:0x12e2bd75ffc3e33c","+17064854001","Gailey Law Firm","Gailey Law Firm, 953 Harmony Rd, Eatonton, GA 31024, United States","33.4232369","-83.26873619999999","18","4.3","America/New_York","http://www.gaileylawfirm.com/","ChIJL6ZU97yS9ogRPOPD_3W94hI","https://www.google.com/maps/place/data=!3m1!4b1!4m2!3m1!1s0x88f692bcf754a62f:0x12e2bd75ffc3e33c","Attorney","","8AM5PM","8AM5PM","8AM5PM","Closed","Closed","8AM5PM","8AM5PM","Eatonton, GA, United States","true","https://lh5.googleusercontent.com/p/AF1QipOdh54_TQfPUh3GpWNaNo3BNPtG7Ur4wtcIt3uZ=w203-h152-k-no","Closed  Opens 8AM",""
"0x88f6b80b63658afb:0xc7e41320ce0e824b","+14784527938","Brian G. Combs Attorney At Law","Brian G. Combs Attorney At Law, 101 Chase Ct NW #C, Milledgeville, GA 31061, United States","33.0972114","-83.2559115","8","4.6","America/New_York","http://www.briancombsattorney.com/","ChIJ-4plYwu49ogRS4IOziAT5Mc","https://www.google.com/maps/place/data=!3m1!4b1!4m2!3m1!1s0x88f6b80b63658afb:0xc7e41320ce0e824b","Personal injury attorney, Law firm, Attorney","","9AM5PM","9AM5PM","9AM5PM","Closed","Closed","9AM5PM","9AM5PM","Milledgeville, GA, United States","true","https://streetviewpixels-pa.googleapis.com/v1/thumbnail?panoid=wL661iGsp9pdEO1M9HgNgw&cb_client=search.gws-prod.gps&w=203&h=100&yaw=22.277306&pitch=0&thumbfov=100","Closed  Opens 9AM",""
"0x88f6b872b615f35d:0x4d98c58e36733a7d","+14784538541","Herrington Larry S","Herrington Larry S, 185 Roberson Mill Rd, Milledgeville, GA 31061, United States","33.0995518","-83.2601966","7","4.9","America/New_York","","ChIJXfMVtnK49ogRfTpzNo7FmE0","https://www.google.com/maps/place/data=!3m1!4b1!4m2!3m1!1s0x88f6b872b615f35d:0x4d98c58e36733a7d","Attorney","","","","","","","","","Milledgeville, GA, United States","false","https://streetviewpixels-pa.googleapis.com/v1/thumbnail?panoid=_PCMPgNsAW_EBjdIJuUp8g&cb_client=search.gws-prod.gps&w=203&h=100&yaw=244.15565&pitch=0&thumbfov=100","",""
"0x88f6b80d4b9129a5:0xbc0e0e6802aab9e3","+14784513111","Calvin McMullen, Attorney at Law","Calvin McMullen, Attorney at Law, 187 Roberson Mill Rd STE 109, Milledgeville, GA 31061, United States","33.0990403","-83.2602639","8","3.3","America/New_York","http://www.calvinmcmullenattorneyatlaw.com/","ChIJpSmRSw249ogR47mqAmgODrw","https://www.google.com/maps/place/data=!3m1!4b1!4m2!3m1!1s0x88f6b80d4b9129a5:0xbc0e0e6802aab9e3","Criminal justice attorney, Civil law attorney, Divorce lawyer, Family law attorney","","8AM5PM","8AM5PM","8AM5PM","Closed","Closed","8AM5PM","8AM5PM","Milledgeville, GA, United States","false","https://streetviewpixels-pa.googleapis.com/v1/thumbnail?panoid=jcSwneoGp4IlBdwG6yzYag&cb_client=search.gws-prod.gps&w=203&h=100&yaw=252.79019&pitch=0&thumbfov=100","Closed  Opens 8AM",""
"0x88f6b80d4b9129a5:0x2840a0e062067907","+14784529362","Sharon R Jones Law Office","Sharon R Jones Law Office, 187 Roberson Mill Rd STE 105, Milledgeville, GA 31061, United States","33.0990403","-83.26026399999999","4","5","America/New_York","","ChIJpSmRSw249ogRB3kGYuCgQCg","https://www.google.com/maps/place/data=!3m1!4b1!4m2!3m1!1s0x88f6b80d4b9129a5:0x2840a0e062067907","Attorney","","","","","","","","","Milledgeville, GA, United States","true","https://streetviewpixels-pa.googleapis.com/v1/thumbnail?panoid=jcSwneoGp4IlBdwG6yzYag&cb_client=search.gws-prod.gps&w=203&h=100&yaw=252.79231&pitch=0&thumbfov=100","",""
"0x88f6b87efd0dbcb9:0xbddcb18c0c1420bd","+14784542195","Veal Law Office","Veal Law Office, 1011 Fernwood Dr # A, Milledgeville, GA 31061, United States","33.1123725","-83.2542948","2","4","America/New_York","","ChIJubwN_X649ogRvSAUDIyx3L0","https://www.google.com/maps/place/data=!3m1!4b1!4m2!3m1!1s0x88f6b87efd0dbcb9:0xbddcb18c0c1420bd","Attorney","","","","","","","","","Milledgeville, GA, United States","false","https://streetviewpixels-pa.googleapis.com/v1/thumbnail?panoid=kPPU94zL-5wkYKNxzo3Oxw&cb_client=search.gws-prod.gps&w=203&h=100&yaw=226.48776&pitch=0&thumbfov=100","",""
"0x88f69719cbc7e2f9:0x6156dc844c55714a","+17064859324","Price Douglas","Price Douglas, Eatonton, GA 31024, United States","33.326799699999995","-83.3884961","","","America/New_York","","ChIJ-eLHyxmX9ogRSnFVTITcVmE","https://www.google.com/maps/place/data=!3m1!4b1!4m2!3m1!1s0x88f69719cbc7e2f9:0x6156dc844c55714a","Attorney","","","","","","","","","Eatonton, GA, United States","false","https://streetviewpixels-pa.googleapis.com/v1/thumbnail?panoid=bh3rDT7GPYv5fmbC3xnucA&cb_client=search.gws-prod.gps&w=203&h=100&yaw=84.16287&pitch=0&thumbfov=100","",""
"0x88f69719d7532de5:0x212b75b90afdcc00","+17064852411","Huskins Donald","Huskins Donald, 114 W Marion St, Eatonton, GA 31024, United States","33.326499","-83.3893058","","","America/New_York","http://huskinslawfirm.com/","ChIJ5S1T1xmX9ogRAMz9Crl1KyE","https://www.google.com/maps/place/data=!3m1!4b1!4m2!3m1!1s0x88f69719d7532de5:0x212b75b90afdcc00","Attorney","","","","","","","","","Eatonton, GA, United States","false","https://streetviewpixels-pa.googleapis.com/v1/thumbnail?panoid=sYh2Y1USoaYfABWNhBJf4Q&cb_client=search.gws-prod.gps&w=203&h=100&yaw=332.96503&pitch=0&thumbfov=100","",""
"0x88f693ef6ee54715:0xdadf1da1efd60af7","+17064851234","Pulliam Law Group","Pulliam Law Group, 669 Old Phoenix Rd NE, Eatonton, GA 31024, United States","33.4190685","-83.2677649","3","5","America/New_York","https://lakeoconeeinjurylawyers.com/","ChIJFUflbu-T9ogR9wrW76Ed39o","https://www.google.com/maps/place/data=!3m1!4b1!4m2!3m1!1s0x88f693ef6ee54715:0xdadf1da1efd60af7","Personal injury attorney","","7:30AM10PM","7:30AM10PM","7:30AM10PM","7:30AM10PM","Closed","7:30AM10PM","7:30AM10PM","Eatonton, GA, United States","true","https://lh5.googleusercontent.com/p/AF1QipNtMltlQjm8PhaANi2zfQ3OrjEzURJcIENGRETa=w203-h135-k-no","Closed  Opens 7:30AM",""
"0x88f69719cdbdad05:0xdc1873d3e517e11c","+14784577379","Patrice Underkofler, Attorney at Law Eatontown ga","Patrice Underkofler, Attorney at Law Eatontown ga, 105 N Jefferson Ave, Eatonton, GA 31024, United States","33.3268778","-83.3888918","","","America/New_York","","ChIJBa29zRmX9ogRHOEX5dNzGNw","https://www.google.com/maps/place/data=!3m1!4b1!4m2!3m1!1s0x88f69719cdbdad05:0xdc1873d3e517e11c","Elder law attorney, Estate planning attorney","","Closed","10AM4PM","Closed","Closed","Closed","Closed","10AM4PM","Eatonton, GA, United States","true","https://lh5.googleusercontent.com/p/AF1QipMl_QWwdWUUg8Up0y8P-hHuaR28q1BZQHPopbkX=w203-h139-k-no","Closed  Opens 10AM",""
"0x88f596518aec5087:0xb0fc9bc882b9e4bc","+17702715244","Potra Law Firm","Potra Law Firm, 3620 Swiftwater Park Dr, Suwanee, GA 30024, United States","34.0354768","-84.0814377","968","4.7","America/New_York","http://www.potralawfirm.com/","ChIJh1DsilGW9YgRvOS5gsib_LA","https://www.google.com/maps/place/data=!3m1!4b1!4m2!3m1!1s0x88f596518aec5087:0xb0fc9bc882b9e4bc","Attorney, Immigration attorney","","8:30AM5PM","8:30AM5PM","8:30AM5PM","Closed","Closed","8:30AM5PM","8:30AM5PM","Suwanee, GA, United States","true","https://lh5.googleusercontent.com/p/AF1QipPazEIPHMM6hNKVE9hQo1A52pmnKPZt6equ8uqF=w203-h135-k-no","Closed  Opens 8:30AM",""
"0x88f692bd21696d5f:0x13b683c77b686075","+17064853344","John Frederick Nebl & Associates","John Frederick Nebl & Associates, 951 Harmony Rd #105, Eatonton, GA 31024, United States","33.423083399999996","-83.2692","2","3","America/New_York","","ChIJX21pIb2S9ogRdWBoe8eDthM","https://www.google.com/maps/place/data=!3m1!4b1!4m2!3m1!1s0x88f692bd21696d5f:0x13b683c77b686075","Attorney, General practice attorney","","9AM5PM","9AM5PM","9AM5PM","Closed","Closed","9AM5PM","9AM5PM","Eatonton, GA, United States","false","https://streetviewpixels-pa.googleapis.com/v1/thumbnail?panoid=omZGCA8_DHMKJdI8BxY5Yw&cb_client=search.gws-prod.gps&w=203&h=100&yaw=50.000584&pitch=0&thumbfov=100","Closed  Opens 9AM",""
"0x88f6b80d4b9129a5:0x17700c81c0665e87","+14784141990","Price Douglas Lee","Price Douglas Lee, 187 Roberson Mill Rd STE 101, Milledgeville, GA 31061, United States","33.0990403","-83.2602639","1","5","America/New_York","http://browneandpricepa.com/","ChIJpSmRSw249ogRh15mwIEMcBc","https://www.google.com/maps/place/data=!3m1!4b1!4m2!3m1!1s0x88f6b80d4b9129a5:0x17700c81c0665e87","Attorney","","","","","","","","","Milledgeville, GA, United States","false","https://streetviewpixels-pa.googleapis.com/v1/thumbnail?panoid=jcSwneoGp4IlBdwG6yzYag&cb_client=search.gws-prod.gps&w=203&h=100&yaw=252.79019&pitch=0&thumbfov=100","",""
"0x88f6a96c8c9d4b5f:0x5156bcbe0fc2d1d1","+14789863166","District Attorney Office","District Attorney Office, 166 Industrial Blvd, Gray, GA 31032, United States","33.0213405","-83.5347772","4","3","America/New_York","","ChIJX0udjGyp9ogR0dHCD768VlE","https://www.google.com/maps/place/data=!3m1!4b1!4m2!3m1!1s0x88f6a96c8c9d4b5f:0x5156bcbe0fc2d1d1","Law firm","","","","","","","","","Gray, GA, United States","false","","",""
"0x88f6932c5d707311:0x1db57672d8dc88f5","+14042601901","Thomas Walters Estate Planning Attorneys","Thomas Walters Estate Planning Attorneys, 952 B Greensboro Rd, Eatonton, GA 31024, United States","33.4173221","-83.2722163","1","5","America/New_York","http://georgiaestateplanning.info/","ChIJEXNwXSyT9ogR9Yjc2HJ2tR0","https://www.google.com/maps/place/data=!3m1!4b1!4m2!3m1!1s0x88f6932c5d707311:0x1db57672d8dc88f5","Estate planning attorney","","8:30AM5PM","8:30AM5PM","8:30AM5PM","Closed","Closed","8:30AM5PM","8:30AM5PM","Eatonton, GA, United States","true","https://streetviewpixels-pa.googleapis.com/v1/thumbnail?panoid=w8wkdVxcDhYsmCwKAezqUA&cb_client=search.gws-prod.gps&w=203&h=100&yaw=41.991608&pitch=0&thumbfov=100","Closed  Opens 8:30AM",""
"0x88f69719c2f168af:0x44f44f4e5dc1bd69","+17064842987","Putnam County District Attorney","Putnam County District Attorney, 100 S Jefferson Ave # 122, Eatonton, GA 31024, United States","33.325797","-83.3888149","","","America/New_York","https://www.ocmulgeeda.org/putnam-county-office","ChIJr2jxwhmX9ogRab3BXU5P9EQ","https://www.google.com/maps/place/data=!3m1!4b1!4m2!3m1!1s0x88f69719c2f168af:0x44f44f4e5dc1bd69","District attorney","","9AM5PM","9AM5PM","9AM5PM","Closed","Closed","9AM5PM","9AM5PM","Eatonton, GA, United States","false","https://streetviewpixels-pa.googleapis.com/v1/thumbnail?panoid=QGpwqjWy9RMIfoS-8OFlZw&cb_client=search.gws-prod.gps&w=203&h=100&yaw=148.95436&pitch=0&thumbfov=100","Closed  Opens 9AM",""
"0x88f6c7c1e9c1547b:0x5a7c5647666002ed","+14784523120","The Ford Firm PC","The Ford Firm PC, 187 Roberson Mill Rd NE, Ste 206, Milledgeville, GA 31061, United States","33.094874","-83.25139999999999","1","4","America/New_York","","ChIJe1TB6cHH9ogR7QJgZkdWfFo","https://www.google.com/maps/place/data=!3m1!4b1!4m2!3m1!1s0x88f6c7c1e9c1547b:0x5a7c5647666002ed","Bankruptcy attorney","","","","","","","","","Milledgeville, GA, United States","false","https://streetviewpixels-pa.googleapis.com/v1/thumbnail?panoid=q6Q9f9ghAeRzSXS_w7z0NQ&cb_client=search.gws-prod.gps&w=203&h=100&yaw=159.07022&pitch=0&thumbfov=100","",""
"0x88f692bd30fad7c7:0x96d450b5a9e77b89","+17064854001","Gailey Law Firm: Gailey Jr R Michael","Gailey Law Firm: Gailey Jr R Michael, 953 Harmony Rd # 101, Eatonton, GA 31024, United States","33.423456099999996","-83.27022079999999","","","America/New_York","http://www.gaileylawfirm.com/","ChIJx9f6ML2S9ogRiXvnqbVQ1JY","https://www.google.com/maps/place/data=!3m1!4b1!4m2!3m1!1s0x88f692bd30fad7c7:0x96d450b5a9e77b89","Trial attorney, Civil law attorney, Criminal justice attorney, Divorce lawyer, Family law attorney","","8AM5PM","8AM5PM","8AM5PM","Closed","Closed","8AM5PM","8AM5PM","Eatonton, GA, United States","true","https://streetviewpixels-pa.googleapis.com/v1/thumbnail?panoid=KhP_jMTLVvXUjOakcdL4nQ&cb_client=search.gws-prod.gps&w=203&h=100&yaw=133.89705&pitch=0&thumbfov=100","Closed  Opens 8AM",""
"0x79540f4873c3d295:0x49e6ce324521edee","+18083262220","Law Office of Lee Mattingly","Law Office of Lee Mattingly, 75-5909 Walua Road Second Floor Kona Town Market Building, Kailua-Kona, HI 96740, United States","19.6288262","-155.9854163","30","4.2","Pacific/Honolulu","http://www.leemattinglylaw.com/","ChIJldLDc0gPVHkR7u0hRTLO5kk","https://www.google.com/maps/place/data=!3m1!4b1!4m2!3m1!1s0x79540f4873c3d295:0x49e6ce324521edee","Divorce lawyer, Family law attorney, Attorney, Mediation service, Personal injury attorney","","9AM5PM","9AM5PM","9AM5PM","Closed","Closed","8AM5PM","9AM5PM","Kailua-Kona, HI, United States","true","https://lh5.googleusercontent.com/p/AF1QipOTLlhVB6L9q_zWjoFrQhhyB0LevOmHnBRUZfZd=w203-h270-k-no","Closed  Opens 9AM",""
"0x79540f1c0a833a93:0x5b90ad62a53cb8c2","+18083296600","Gleed, Darl C. Attorney At Law","Gleed, Darl C. Attorney At Law, 75-5905 Walua Rd, Kailua-Kona, HI 96740, United States","19.6293942","-155.98594549999999","17","4.9","Pacific/Honolulu","http://www.gleedlaw.com/","ChIJkzqDChwPVHkRwrg8pWKtkFs","https://www.google.com/maps/place/data=!3m1!4b1!4m2!3m1!1s0x79540f1c0a833a93:0x5b90ad62a53cb8c2","Estate planning attorney, Attorney","","8AM5PM","8AM5PM","8AM5PM","Closed","Closed","8AM5PM","8AM5PM","Kailua-Kona, HI, United States","true","https://lh5.googleusercontent.com/p/AF1QipMds7B8YwIle44CpH2ESFxT8OrayZaL5CtocIp_=w203-h135-k-no","Closed  Opens 8AM",""
"0x795406ee8a503ffd:0xb817a7a2d83752c3","+18083487800","Foster Law Offices LLC","Foster Law Offices LLC, 74-5617 Pawai Pl #206, Kailua-Kona, HI 96740, United States","19.6437045","-155.99761239999998","10","5","Pacific/Honolulu","http://www.fosterlawoffices.com/","ChIJ_T9Qiu4GVHkRw1I32KKnF7g","https://www.google.com/maps/place/data=!3m1!4b1!4m2!3m1!1s0x795406ee8a503ffd:0xb817a7a2d83752c3","Attorney, Law firm, Personal injury attorney","","9AM5PM","9AM5PM","9AM5PM","Closed","Closed","9AM5PM","9AM5PM","Kailua-Kona, HI, United States","true","https://lh5.googleusercontent.com/p/AF1QipOFxRFLvugtYuCpOvJg-Zf8ml3_tBTUe9n0sB69=w203-h152-k-no","Closed  Opens 9AM",""
"0x79540efdb0310f5d:0x528a1035f37d7ed8","+18083294421","Law Offices Of Kimberly A. Jackson, LLLC","Law Offices Of Kimberly A. Jackson, LLLC, 75-5782 Kuakini Hwy Suite C-2, Kailua-Kona, HI 96740, United States","19.6355763","-155.9904329","5","5","Pacific/Honolulu","https://kimjacksonlaw.com/","ChIJXQ8xsP0OVHkR2H598zUQilI","https://www.google.com/maps/place/data=!3m1!4b1!4m2!3m1!1s0x79540efdb0310f5d:0x528a1035f37d7ed8","Estate planning attorney, Law firm, Attorney","","9AM4:30PM","9AM4:30PM","9AM4:30PM","Closed","Closed","9AM4:30PM","9AM4:30PM","Kailua-Kona, HI, United States","true","https://streetviewpixels-pa.googleapis.com/v1/thumbnail?panoid=X98UZCNvMi73LFPN7V__TA&cb_client=search.gws-prod.gps&w=203&h=100&yaw=46.79446&pitch=0&thumbfov=100","Closed  Opens 9AM",""
"0x79540f1c0a833a93:0x4f40eb1da70f340","+18083292076","Pacific States Legal Group","Pacific States Legal Group, 75-5995 Kuakini Hwy Suite 432, Kailua-Kona, HI 96740, United States","19.627231","-155.9807899","7","4.4","Pacific/Honolulu","https://www.konalawyer.com/","ChIJkzqDChwPVHkRQPNw2rEO9AQ","https://www.google.com/maps/place/data=!3m1!4b1!4m2!3m1!1s0x79540f1c0a833a93:0x4f40eb1da70f340","Divorce lawyer, Family law attorney, Personal injury attorney, Real estate attorney","","9AM5PM","9AM5PM","9AM5PM","Closed","Closed","9AM5PM","9AM5PM","Kailua-Kona, HI, United States","true","https://lh5.googleusercontent.com/p/AF1QipM2SWX8PqGzOsK26x_Yq3BfNkPIBz2TzI7h7Ufe=w203-h106-k-no","Closed  Opens 9AM",""
"0x795406ebed83ad7f:0x4cae2fc6a67c14e5","+18083274650","Public Defenders Office In Kona","Public Defenders Office In Kona, 75-1000 Henry St # 209, Kailua-Kona, HI 96740, United States","19.6443676","-155.9884605","11","4.3","Pacific/Honolulu","https://publicdefender.hawaii.gov/","ChIJf62D7esGVHkR5RR8psYvrkw","https://www.google.com/maps/place/data=!3m1!4b1!4m2!3m1!1s0x795406ebed83ad7f:0x4cae2fc6a67c14e5","Attorney","","7:45AM4:30PM","7:45AM4:30PM","7:45AM4:30PM","Closed","Closed","7:45AM4:30PM","7:45AM4:30PM","Kailua-Kona, HI, United States","true","","Closed  Opens 7:45AM",""
"0x79540ef87b9a68cf:0x49f1c778a3ed0b6c","+18087567022","R. Hermann Heimgartner Attorney At Law LLLC","R. Hermann Heimgartner Attorney At Law LLLC, 74-5606 Pawai Pl Suite 205, Kailua-Kona, HI 96740, United States","19.6433242","-155.9983093","6","4.3","Pacific/Honolulu","http://www.kona.attorney/","ChIJz2iae_gOVHkRbAvto3jH8Uk","https://www.google.com/maps/place/data=!3m1!4b1!4m2!3m1!1s0x79540ef87b9a68cf:0x49f1c778a3ed0b6c","Law firm","","9AM4PM","9AM4PM","9AM4PM","Closed","Closed","9AM4PM","9AM4PM","Kailua-Kona, HI, United States","true","https://streetviewpixels-pa.googleapis.com/v1/thumbnail?panoid=tHrFPSOourg3jI-F_50aRA&cb_client=search.gws-prod.gps&w=203&h=100&yaw=186.8105&pitch=0&thumbfov=100","Closed  Opens 9AM",""
"0x79540f3f525ab187:0x33d26fe05fefc0af","+18084985058","William T. Reece Jr., J.D., Llm., Attorney At Law","","19.6643315","-155.955527","13","3.5","Pacific/Honolulu","http://www.reecelawkona.com/","ChIJh7FaUj8PVHkRr8DvX-Bv0jM","https://www.google.com/maps/place/data=!3m1!4b1!4m2!3m1!1s0x79540f3f525ab187:0x33d26fe05fefc0af","Law firm, Service establishment","","Open 24 hours","Open 24 hours","Open 24 hours","Open 24 hours","Open 24 hours","Open 24 hours","Open 24 hours","","true","https://lh5.googleusercontent.com/p/AF1QipNUa2zdhjcVlXqwfpUskLGr-f2S01h4YfmFj2TI=w203-h114-k-no","Open 24 hours",""
"0x79540f00a84bf8a1:0x82f64782cb4c9d3d","+18085368074","Hawaii Disability Legal Services, LLLC","Hawaii Disability Legal Services, LLLC, 75-170 Hualalai Rd ste a100, Kailua-Kona, HI 96740, United States","19.6373927","-155.9889213","7","5","Pacific/Honolulu","http://www.hawaiidisabilitylegal.com/","ChIJofhLqAAPVHkRPZ1My4JH9oI","https://www.google.com/maps/place/data=!3m1!4b1!4m2!3m1!1s0x79540f00a84bf8a1:0x82f64782cb4c9d3d","Law firm, Social security attorney, Veterans organization","","8AM4PM","8AM4PM","8AM4PM","Closed","Closed","8AM4PM","8AM4PM","Kailua-Kona, HI, United States","true","https://lh5.googleusercontent.com/p/AF1QipOdmVDjes-I2BQ15AuVcfGqayyq3O6bx7nfjQTo=w203-h152-k-no","Closed  Opens 8AM",""
"0x79540efc943c6435:0x98858ff6d4d520c","+18083262220","Sarah J Smith Law Office","Sarah J Smith Law Office, 75-170 Hualalai Rd # D120, Kailua-Kona, HI 96740, United States","19.637390999999997","-155.9890867","3","4.7","Pacific/Honolulu","","ChIJNWQ8lPwOVHkRDFJNbf9YiAk","https://www.google.com/maps/place/data=!3m1!4b1!4m2!3m1!1s0x79540efc943c6435:0x98858ff6d4d520c","Attorney","","","","","","","","","Kailua-Kona, HI, United States","false","https://streetviewpixels-pa.googleapis.com/v1/thumbnail?panoid=sKubScG5OmzpOc0S5Q64yA&cb_client=search.gws-prod.gps&w=203&h=100&yaw=192.52965&pitch=0&thumbfov=100","",""
"0x79540efc943c6435:0xd998be193860c63","+18083264852","Jung & Vassar","Jung & Vassar, 75-5722 Kuakini Hwy #100, Kailua-Kona, HI 96740, United States","19.6395992","-155.9915608","3","3.7","Pacific/Honolulu","http://jungvassar.com/","ChIJNWQ8lPwOVHkRYwyGk-GLmQ0","https://www.google.com/maps/place/data=!3m1!4b1!4m2!3m1!1s0x79540efc943c6435:0xd998be193860c63","Attorney","","8:30AM5PM","8:30AM5PM","8:30AM5PM","Closed","Closed","8:30AM5PM","8:30AM5PM","Kailua-Kona, HI, United States","false","https://streetviewpixels-pa.googleapis.com/v1/thumbnail?panoid=HMOMEahz5V-IA4b_LGk_YQ&cb_client=search.gws-prod.gps&w=203&h=100&yaw=264.56177&pitch=0&thumbfov=100","Closed  Opens 8:30AM",""
"0x79540f1b4ffcbd25:0xacf646ef152bb785","+18082292190","Mattoch & Kirley, LLLC","Mattoch & Kirley, LLLC, 74-5706 Hanama Pl Suite 201A, Kailua-Kona, HI 96740, United States","19.640016799999998","-155.9923313","4","4","Pacific/Honolulu","https://www.mattochkirley.com/?npcmp=dir:local:5291992:96813","ChIJJb38TxsPVHkRhbcrFe9G9qw","https://www.google.com/maps/place/data=!3m1!4b1!4m2!3m1!1s0x79540f1b4ffcbd25:0xacf646ef152bb785","Personal injury attorney","","8AM5PM","8AM5PM","8AM5PM","Closed","Closed","8AM5PM","8AM5PM","Kailua-Kona, HI, United States","true","https://lh5.googleusercontent.com/p/AF1QipNftFyg4IYcBMU1TBVsCzLuD1joZy9dIMEoSAK3=w203-h114-k-no","Closed  Opens 8AM",""
"0x79540efc9a39c4dd:0x5f6cc501a8c0bfed","+18089898390","Donna V. Payesko. Attorney","Donna V. Payesko. Attorney, 75-165 Hualalai Rd #203, Kailua-Kona, HI 96740, United States","19.6382065","-155.9888777","3","4.7","Pacific/Honolulu","http://www.ohanalegacylaw.com/","ChIJ3cQ5mvwOVHkR7b_AqAHFbF8","https://www.google.com/maps/place/data=!3m1!4b1!4m2!3m1!1s0x79540efc9a39c4dd:0x5f6cc501a8c0bfed","Estate planning attorney","","","","","","","","","Kailua-Kona, HI, United States","true","https://lh5.googleusercontent.com/p/AF1QipMg10rD-uj1l6eSh0RU3fPGy0fr0CE2nFOFWm9e=w203-h114-k-no","",""
"0x79540ef915b0dbed:0x8a557c7ab6c7f034","+18083273030","Andrea Alden, Attorney at Law, LLLC","Andrea Alden, Attorney at Law, LLLC, 75-5665 Kuakini Hwy Ste 5, Kailua-Kona, HI 96740, United States","19.6412347","-155.9945627","5","3.4","Pacific/Honolulu","","ChIJ7duwFfkOVHkRNPDHtnp8VYo","https://www.google.com/maps/place/data=!3m1!4b1!4m2!3m1!1s0x79540ef915b0dbed:0x8a557c7ab6c7f034","Divorce lawyer, Family law attorney","","8AM5PM","8AM5PM","8AM5PM","Closed","Closed","8AM5PM","8AM5PM","Kailua-Kona, HI, United States","true","https://lh5.googleusercontent.com/p/AF1QipN2EXOwu8pUbX2VAV-JkRpSkMyEF2nV1TZzuHad=w203-h114-k-no","Closed  Opens 8AM",""
"0x79540efea4a86201:0x46634c765dde8359","+18083291333","Zola Micahel S","Zola Micahel S, 75-5744 Alii Dr #223, Kailua-Kona, HI 96740, United States","19.6375706","-155.9932915","7","2.7","Pacific/Honolulu","","ChIJAWKopP4OVHkRWYPeXXZMY0Y","https://www.google.com/maps/place/data=!3m1!4b1!4m2!3m1!1s0x79540efea4a86201:0x46634c765dde8359","Attorney","","","","","","","","","Kailua-Kona, HI, United States","false","https://streetviewpixels-pa.googleapis.com/v1/thumbnail?panoid=imnjQKkiB4G6x9_sEvVNAQ&cb_client=search.gws-prod.gps&w=203&h=100&yaw=232.10172&pitch=0&thumbfov=100","",""
"0x79540ef9222591e5:0x65edcbc5ea6438a9","+18083293910","Legal Aid Society of Hawaii","Legal Aid Society of Hawaii, Hualalai Center, 75-170 Hualalai Rd B303A, Kailua-Kona, HI 96740, United States","19.637075799999998","-155.989319","15","3.7","Pacific/Honolulu","http://www.legalaidhawaii.org/","ChIJ5ZElIvkOVHkRqThk6sXL7WU","https://www.google.com/maps/place/data=!3m1!4b1!4m2!3m1!1s0x79540ef9222591e5:0x65edcbc5ea6438a9","Attorney, Law firm, Non-profit organization","","","","","","","","","Kailua-Kona, HI, United States","false","https://streetviewpixels-pa.googleapis.com/v1/thumbnail?panoid=P2h9qbCyTXiOkN4mgoZ6sg&cb_client=search.gws-prod.gps&w=203&h=100&yaw=97.36933&pitch=0&thumbfov=100","",""
"0x79540f04e142b023:0xc02c2b6e47b0cca1","+18086857117","Triantos Law LLLC","Triantos Law LLLC, 75-5591 Palani Rd Suite 204, Kailua-Kona, HI 96740, United States","19.6451745","-155.99291979999998","3","4.7","Pacific/Honolulu","","ChIJI7BC4QQPVHkRocywR24rLMA","https://www.google.com/maps/place/data=!3m1!4b1!4m2!3m1!1s0x79540f04e142b023:0xc02c2b6e47b0cca1","Law firm","","8AM5PM","8AM5PM","8AM5PM","Closed","Closed","8AM5PM","8AM5PM","Kailua-Kona, HI, United States","false","","Closed  Opens 8AM",""
"0x79540ef00a676ff7:0x493bf6dbacad6f48","+18083296464","Carlsmith Ball LLP","Carlsmith Ball LLP, 75-5722 Kuakini Hwy, Kailua-Kona, HI 96740, United States","19.6395739","-155.9915806","2","4","Pacific/Honolulu","https://www.carlsmith.com/","ChIJ929nCvAOVHkRSG-trNv2O0k","https://www.google.com/maps/place/data=!3m1!4b1!4m2!3m1!1s0x79540ef00a676ff7:0x493bf6dbacad6f48","Attorney","","","","","","","","","Kailua-Kona, HI, United States","false","https://streetviewpixels-pa.googleapis.com/v1/thumbnail?panoid=IWNzHON9Fmrp08W1fmCmew&cb_client=search.gws-prod.gps&w=203&h=100&yaw=246.09889&pitch=0&thumbfov=100","",""
"0x79540efb88bb05d7:0x9397fcdeff07342","+18083254224","Hawaii Trust & Estate Counsel - Kona Office","Hawaii Trust & Estate Counsel - Kona Office, 75-5915 Walua Rd, Kailua-Kona, HI 96740, United States","19.6286898","-155.9852764","2","5","Pacific/Honolulu","http://www.hawaiitrustlaw.com/","ChIJ1wW7iPsOVHkRQnPw781_OQk","https://www.google.com/maps/place/data=!3m1!4b1!4m2!3m1!1s0x79540efb88bb05d7:0x9397fcdeff07342","Estate planning attorney","","8:30AM4:30PM","8:30AM4:30PM","8:30AM4:30PM","Closed","Closed","8:30AM4:30PM","8:30AM4:30PM","Kailua-Kona, HI, United States","true","https://lh5.googleusercontent.com/p/AF1QipP3DuaXepwLyjhwpZWu-BneyQ6R4zgwc6Gd7Om-=w203-h152-k-no","Closed  Opens 8:30AM",""
"0x79540efc70cf6b91:0xf2b4a19d9d6b0389","+18083291385","Kaapu David B","Kaapu David B, 75-5751 Kuakini Hwy # 201, Kailua-Kona, HI 96740, United States","19.6386623","-155.9902327","1","5","Pacific/Honolulu","","ChIJkWvPcPwOVHkRiQNrnZ2htPI","https://www.google.com/maps/place/data=!3m1!4b1!4m2!3m1!1s0x79540efc70cf6b91:0xf2b4a19d9d6b0389","Attorney","","","","","","","","","Kailua-Kona, HI, United States","false","https://streetviewpixels-pa.googleapis.com/v1/thumbnail?panoid=TmIYc6av7mddT3g37s9tdg&cb_client=search.gws-prod.gps&w=203&h=100&yaw=78.43629&pitch=0&thumbfov=100","",""
"0x79540efbf7f2288b:0xd58ac78e369df21f","+18083311313","Hawaii Document Service","Hawaii Document Service, 75-5722 Kuakini Hwy # 108, Kailua-Kona, HI 96740, United States","19.639654","-155.99164539999998","3","5","Pacific/Honolulu","http://hawaiidocumentservice.com/","ChIJiyjy9_sOVHkRH_KdNo7HitU","https://www.google.com/maps/place/data=!3m1!4b1!4m2!3m1!1s0x79540efbf7f2288b:0xd58ac78e369df21f","Estate planning attorney, Attorney","","8AM5PM","8AM5PM","8AM5PM","Closed","Closed","8AM5PM","8AM5PM","Kailua-Kona, HI, United States","false","https://streetviewpixels-pa.googleapis.com/v1/thumbnail?panoid=LZW_HsuKwLEx1gSfEW_suQ&cb_client=search.gws-prod.gps&w=203&h=100&yaw=236.37437&pitch=0&thumbfov=100","Closed  Opens 8AM",""
"0x79540efc9c98b27d:0x4b5662dea0393bf4","+18083293551","Van Pernis Vancil","Van Pernis Vancil, 75-167 Hualalai Rd, Kailua-Kona, HI 96740, United States","19.638257499999998","-155.9885989","1","4","Pacific/Honolulu","","ChIJfbKYnPwOVHkR9Ds5oN5iVks","https://www.google.com/maps/place/data=!3m1!4b1!4m2!3m1!1s0x79540efc9c98b27d:0x4b5662dea0393bf4","Attorney","","","","","","","","","Kailua-Kona, HI, United States","false","https://streetviewpixels-pa.googleapis.com/v1/thumbnail?panoid=sKubScG5OmzpOc0S5Q64yA&cb_client=search.gws-prod.gps&w=203&h=100&yaw=39.634716&pitch=0&thumbfov=100","",""
"0x79540efc943c6435:0x81358e8b361ca4f8","+18083295811","Cades Schutte","Cades Schutte, 75-170 Hualalai Rd # B303, Kailua-Kona, HI 96740, United States","19.6373572","-155.9889313","","","Pacific/Honolulu","https://www.cades.com/attorneys/","ChIJNWQ8lPwOVHkR-KQcNouONYE","https://www.google.com/maps/place/data=!3m1!4b1!4m2!3m1!1s0x79540efc943c6435:0x81358e8b361ca4f8","Attorney","","","","","","","","","Kailua-Kona, HI, United States","false","https://streetviewpixels-pa.googleapis.com/v1/thumbnail?panoid=1YR2smOOyQhhem0RaBf_3g&cb_client=search.gws-prod.gps&w=203&h=100&yaw=221.65114&pitch=0&thumbfov=100","",""
"0x79540e57fc0f3561:0x3953c03c76b22c60","+18083274646","David A Bernstein Law Corporation","David A Bernstein Law Corporation, 74-5547 Palani Rd, Kailua-Kona, HI 96740, United States","19.6467878","-155.9927448","","","Pacific/Honolulu","https://davidbernsteinattorney.com/","ChIJYTUP_FcOVHkRYCyydjzAUzk","https://www.google.com/maps/place/data=!3m1!4b1!4m2!3m1!1s0x79540e57fc0f3561:0x3953c03c76b22c60","Attorney","","","","","","","","","Kailua-Kona, HI, United States","false","https://streetviewpixels-pa.googleapis.com/v1/thumbnail?panoid=oA4oQ4n7Mw_DnoDvrBvIaA&cb_client=search.gws-prod.gps&w=203&h=100&yaw=111.57791&pitch=0&thumbfov=100","",""
"0x79540ef00a676ff7:0xf3f6fd4bd3e6af85","+18083296464","Haitsuka Edmund W","Haitsuka Edmund W, 75-1000 Henry St # 209, Kailua-Kona, HI 96740, United States","19.6443676","-155.9884605","","","Pacific/Honolulu","https://www.carlsmith.com/","ChIJ929nCvAOVHkRha_m00v99vM","https://www.google.com/maps/place/data=!3m1!4b1!4m2!3m1!1s0x79540ef00a676ff7:0xf3f6fd4bd3e6af85","Attorney","","","","","","","","","Kailua-Kona, HI, United States","false","","",""
"0x79540efcf3d641e7:0xf600f2f8ec83a19c","+18087567022","R. Hermann Heimgartner","R. Hermann Heimgartner, 75-170 Hualalai Rd c209, Kailua-Kona, HI 96740, United States","19.6371049","-155.98932499999998","","","Pacific/Honolulu","http://heimgartnerlaw.com/","ChIJ50HW8_wOVHkRnKGD7PjyAPY","https://www.google.com/maps/place/data=!3m1!4b1!4m2!3m1!1s0x79540efcf3d641e7:0xf600f2f8ec83a19c","Attorney","","","","","","","","","Kailua-Kona, HI, United States","false","","",""
"0x79540ee3d9664c9f:0xdccd12c92c3eee82","+18083295678","Tuhy Alan H","Tuhy Alan H, 78-7100 Kamehameha III Rd Suite 405, Kailua-Kona, HI 96740, United States","19.6360702","-155.980541","","","Pacific/Honolulu","","ChIJn0xm2eMOVHkRgu4-LMkSzdw","https://www.google.com/maps/place/data=!3m1!4b1!4m2!3m1!1s0x79540ee3d9664c9f:0xdccd12c92c3eee82","Attorney referral service","","","","","","","","","Kailua-Kona, HI, United States","false","https://streetviewpixels-pa.googleapis.com/v1/thumbnail?panoid=8mzVP23V2AD3hSugc8wcsA&cb_client=search.gws-prod.gps&w=203&h=100&yaw=234.14009&pitch=0&thumbfov=100","",""
"0x79540f8246c11e5d:0x85a8b0974c0a7e7b","+18087696847","Rebecca H. Colvin Attorney at Law LLLC","Rebecca H. Colvin Attorney at Law LLLC, 75-165 Hualalai Rd Suite #202, Kailua-Kona, HI 96740, United States","19.6382063","-155.98899799999998","","","Pacific/Honolulu","http://www.rcolvinlaw.com/","ChIJXR7BRoIPVHkRe34KTJewqIU","https://www.google.com/maps/place/data=!3m1!4b1!4m2!3m1!1s0x79540f8246c11e5d:0x85a8b0974c0a7e7b","Law firm","","8AM2PM","8AM2PM","8AM2PM","Closed","Closed","8AM2PM","8AM2PM","Kailua-Kona, HI, United States","true","https://streetviewpixels-pa.googleapis.com/v1/thumbnail?panoid=PAVv9dXrfGHM4NUSlQy8sA&cb_client=search.gws-prod.gps&w=203&h=100&yaw=11.330055&pitch=0&thumbfov=100","Closed  Opens 8AM",""
"0x79540f4875fa3e2f:0x20bc67ec886ee5f0","+18083276260","Attorney General Department","Attorney General Department, 77-6399 Nalani St #101, Kailua-Kona, HI 96740, United States","19.605943399999997","-155.9629417","","","Pacific/Honolulu","https://ag.hawaii.gov/","ChIJLz76dUgPVHkR8OVuiOxnvCA","https://www.google.com/maps/place/data=!3m1!4b1!4m2!3m1!1s0x79540f4875fa3e2f:0x20bc67ec886ee5f0","Attorney, Local government office","","","","","","","","","Kailua-Kona, HI, United States","false","https://streetviewpixels-pa.googleapis.com/v1/thumbnail?panoid=CyA6imTiCXz7oT7eoqMm8Q&cb_client=search.gws-prod.gps&w=203&h=100&yaw=346.04535&pitch=0&thumbfov=100","",""
"0x79540efcf17eaaab:0x41c1aae22bc45fa0","+18083262228","Shimada Estate Planning","Shimada Estate Planning, Suite Possibilities, 75-5915 Walua Rd, Kailua-Kona, HI 96740, United States","19.628672899999998","-155.98534909999998","","","Pacific/Honolulu","https://shimadaep.com/en_US/","ChIJq6p-8fwOVHkRoF_EK-KqwUE","https://www.google.com/maps/place/data=!3m1!4b1!4m2!3m1!1s0x79540efcf17eaaab:0x41c1aae22bc45fa0","Estate planning attorney","","9AM2PM","9AM2PM","Closed","Closed","Closed","9AM2PM","9AM2PM","Kailua-Kona, HI, United States","true","https://streetviewpixels-pa.googleapis.com/v1/thumbnail?panoid=I0tTJEj9M_c0kLLZWiRbSQ&cb_client=search.gws-prod.gps&w=203&h=100&yaw=76.390114&pitch=0&thumbfov=100","Closed  Opens 9AM",""