name,website
Texas Star Pharmacy,texasstarpharmacy.com
Texas Professional Pharmacy-Magnolia,mygnp.com
Texas Road Pharmacy,texasroadpharmacy.com
Texas Rxsolutions and Compounding Pharmacy,texasrxsolutions.com
Lindsey's Pharmacy,lindseyspharmacy.com
Texan Pharmacy,texanpharmacy.com
Texas Scripts Pharmacy,texasscripts.com
Manor Pharmacy,manorpharmacycares.com
TEXAN PHARMACY,texanpharmacy.com
Legacy Pharmacy,legacypharmacy.com
Texas Health Rx Pharmacy,johnson-pharmacy.com
Texas Best Pharmacy,texasbestpharm.com
"PharmacyTexas, llc",pharmatexas.com
Texas RxSolutions and Compounding Pharmacy #2,mygnp.com
"Texas Compounding Pharmacy - Jordan Pharmacy, Inc.",jordanpharmacy.com
Texas Road Pharmacy,texasroadpharmacy.com
Budget Pharmacy,budgetpharmacytexas.com
Texas Corners Pharmacy,texascornerspharmacy.com
TEXAS CARE PHARMACY,texascaresrx.com
Texas Health Care Pharmacy,thcpharmacy.com
Texan Specialty RX,texanpharmacy.com
North Texas Area Community Health Centers Pharmacy,ntachcpharmacy.org
TX ProMed Pharmacy & Wellness,txpromedwellness.com
"Advance Pharmacy- Compounding Pharmacy- 2646 S. Loop West, Suite 330, Houston, Texas 77054",myadvancepharmacy.com
Key Pharmacy,keypharmacy.net
White Rock Pharmacy,white-rockpharmacy.com
Cooper Specialty Pharmacy,cooperspecialtypharmacy.com
15RX Pharmacy-2,15rx.com
Big Country Dermatology Pharmacy- Texas,bigcountry.clarxpharmacy.com
Sterling Pharmacy,sterlingrx.business.site
Oak Lawn Pharmacy,oaklawnpharmacy.com
Texas Health Prescription Shop plano,texashealth.org
Texas State Board of Pharmacy,pharmacy.texas.gov
Prism Health North Texas Pharmacy - South Dallas,phntxpharmacy.org
Lone Star Pharmacy,mygnp.com
Springtown Pharmacy,springtownpharmacy.com
Lynn's Pharmacy Hewitt,mygnp.com
Vertex Pharmacy,vertexpharmacy.net
The Pharmacy,pharmacyhouston.com
T & J Pharmacy II,
Gateway Pharmacy,mygatewaypharmacy.com
Gateway Pharmacy,mygatewaypharmacy.com
claRx Hub City Pharmacy,hubcitypharmacy.com
Walgreens Pharmacy,walgreens.com
Best Value Hometown Pharmacy,bestvaluepharmacies.com
TylerRx Pharmacy,tylerrx.com
Garland Independent Pharmacy,giprx.com
Carver Drug,facebook.com
Live Oak Pharmacy,liveoakpharmacytx.com
Rising Star Pharmacy,comanchecmc.org
Dorado Pharmacy,mygnp.com
Doctors Pharmacy,business.site
Jordan Pharmacy,mygnp.com
Trinity Specialty Pharmacy,facebook.com
Guardian Pharmacy of Texas,guardianpharmacytexas.com
Love Oak Pharmacy,loveoak.com
Beach Street Pharmacy,mygnp.com
Doc's Drug Store,facebook.com
Encore Pharmacy,encorepharmacy.net
CVS Pharmacy,cvs.com
Long Prairie Pharmacy,mygnp.com
Maloney Prescription Pharmacy,mygnp.com
Medicine Chest Pharmacy,mygnp.com
Walmart Pharmacy,walmart.com
Crane Pharmacy,stores.healthmart.com
Dougherty's Pharmacy,doughertys.com
Walgreens Pharmacy,walgreens.com
Market Street Pharmacy,marketstreetunited.com
DFW Alliance Care Pharmacy,alliancecarerx.com
H-E-B Pharmacy,heb.com
Jacobs Family Pharmacy,jacobsfamilypharmacy.com
CVS Pharmacy,cvs.com
James McCoy's Drug Store,jmdrugstore.com
TTUHSC Pharmacy,ttuhsc.edu
South Texas Nuclear Pharmacy,southtexasnuclearpharmacy.com
Tarrytown Pharmacy,tarrytownpharmacy.com
Clinics of North Texas: Pharmacies,clinicsofnorthtexas.com
United Supermarkets Pharmacy,unitedsupermarkets.com
Walmart Pharmacy,walmart.com
H-E-B Pharmacy,heb.com
"Health Rx Specialty Pharmacy, Coppell, TX",healthrxspecialtypharmacy.com
Walgreens Pharmacy,walgreens.com
Texas Oncology Pharmacy Services,texasoncology.com
CVS Pharmacy,cvs.com
"McMahan Pharmacy Services, Inc.",mcmahanpharmacy.com
Pharmscript of West Texas,pharmscript.com
Owl Drug Store,owldrugrx.com
James McCoy's Midtown Drug Store,jmdrugstore.com
United Supermarkets Pharmacy,unitedsupermarkets.com
H-E-B Pharmacy,heb.com
Doyle High's The Drug Store,haskelldrugstore.com
Texas Tech Physicians: Pharmacy,texastechphysicians.com
Script Shoppe,scriptshopperx.com
United Supermarkets Pharmacy,unitedsupermarkets.com
New York City Pharmacy,nycprx.com
Tribeca Apothecary,apothecarygroup.com
,
,
,
,
,
,
,
,
,
,
,
,
,
,
,
,
,
,
,
,
,
,
,
,
,
,
,
,
,
,
,
,
,
,
,
,
,
,
,
,
,
,
,
,
,
,
,
,
,
,
,
,
,
,
,
,
,
,
,
,
,
,
,
,
,
,
,
,
,
,
,
,
,
,
,
,
,
,
,
,
,
,
,
,
,
,
,
,
,
,
,
,
,
,
,
,
,
,
,
,
,
,
,
,
,
,
,
,
,
,
,
,
,
,
,
,
,
,
,
,
,
,
,
,
,
,
,
,
,
,
,
,
,
,
,
,
,
,
,
,
,
,
,
,
,
,
,
,
,
,
,
,
,
,
,
,
,
,
,
,
,
,
,
,
,
,
,
,
,
,
,
,
,
,
,
,
,
,
,
,
,
,
,
,
,
,
,
,
,
,
,
,
,
,
,
,
,
,
,
,
,
,
,
,
,
,
,
,
,
,
,
,
,
,
,
,
,
,
,
,
,
,
,
,
,
,
,
,
,
,
,
,
,
,
,
,
,
,
,
,
,
,
,
,
,
,
,
,
,
,
,
,
,
,
,
,
,
,
,
,
,
,
,
,
,
,
,
,
,
,
,
,
,
,
,
,
,
,
,
,
,
,
,
,
,
,
,
,
,
,
,
,
,
,
,
,
,
,
,
,
,
,
,
,
,
,
,
,
,
,
,
,
,
,
,
,
,
,
,
,
,
,
,
,
,
,
,
,
,
,
,
,
,
,
,
,
,
,
,
,
,
,
,
,
,
,
,
,
,
,
,
,
,
,
,
,
,
,
,
,
,
,
,
,
,
,
,
,
,
,
,
,
,
,
,
,
,
,
,
,
,
,
,
,
,
,
,
,
,
,
,
,
,
,
,
,
,
,
,
,
,
,
,
,
,
,
,
,
,
,
,
,
,
,
,
,
,
,
,
,
,
,
,
,
,
,
,
,
,
,
,
,
,
,
,
,
,
,
,
,
,
,
,
,
,
,
,
,
,
,
,
,
,
,
,
,
,
,
,
,
,
,
,
,
,
,
,
,
,
,
,
,
,
,
,
,
,
,
,
,
,
,
,
,
,
,
,
,
,
,
,
,
,
,
,
,
,
,
,
,
,
,
,
,
,
,
,
,
,
,
,
,
,
,
,
,
,
,
,
,
,
,
,
,
,
,
,
,
,
,
,
,
,
,
,
,
,
,
,
,
,
,
,
,
,
,
,
,
,
,
,
,
,
,
,
,
,
,
,
,
,
,
,
,
,
,
,
,
,
,
,
,
,
,
,
,
,
,
,
,
,
,
,
,
,
,
,
,
,
,
,
,
,
,
,
,
,
,
,
,
,
,
,
,
,
,
,
,
,
,
,
,
,
,
,
,
,
,
,
,
,
,
,
,
,
,
,
,
,
,
,
,
,
,
,
,
,
,
,
,
,
,
,
,
,
,
,
,
,
,
,
,
,
,
,
,
,
,
,
,
,
,
,
,
,
,
,
,
,
,
,
,
,
,
,
,
,
,
,
,
,
,
,
,
,
,
,
,
,
,
,
,
,
,
,
,
,
,
,
,
,
,
,
,
,
,
,
,
,
,
,
,
,
,
,
,
,
,
,
,
,
,
,
,
,
,
,
,
,
,
,
,
,
,
,
,
,
,
,
,
,
,
,
,
,
,
,
