business_id,phone_number,name,full_address,latitude,longitude,review_count,rating,timezone,website,place_id,place_link,types,price_level,Wednesday,Thursday,Friday,Saturday,Sunday,Monday,Tuesday,city,verified,photos,state,description,email
0x8752f5681761e251:0x8b1987edd20af271,18012646677,Handy & Handy Attorneys At Law,"Handy & Handy Attorneys At Law, 2150 S 1300 E Suite 300, Salt Lake City, UT 84106, United States",40.7242333,-111.8542162,241.0,4.9,America/Denver,https://www.handylawutah.com/,ChIJUeJhF2j1UocRcfIK0u2HGYs,https://www.google.com/maps/place/data=!3m1!4b1!4m2!3m1!1s0x8752f5681761e251:0x8b1987edd20af271,Personal injury attorney,,8AM5PM,8AM5PM,8AM5PM,Closed,Closed,8AM5PM,8AM5PM,"Salt Lake City, UT, United States",True,https://lh5.googleusercontent.com/p/AF1QipMy5pDGx9YFWgOF-HFMKWLkqL9TOMXXOyPXHjHB=w203-h135-k-no,Closed  Opens 8AM,,"21@vingtetun.org, james@parall.ax, gal@mozilla.com, steven@twelvetone.tv, cjones@mozilla.com"
0x809ad0d6fec6de1f:0x6619203998174067,19164459555,Office of the Attorney General,"Office of the Attorney General, 1300 I St, Sacramento, CA 95814, United States",38.579914,-121.4881724,8.0,2.1,America/Los_Angeles,https://oag.ca.gov/,ChIJH97G_tbQmoARZ0AXmDkgGWY,https://www.google.com/maps/place/data=!3m1!4b1!4m2!3m1!1s0x809ad0d6fec6de1f:0x6619203998174067,"Business center, District attorney",,9AM5PM,9AM5PM,9AM5PM,Closed,Closed,9AM5PM,9AM5PM,"Sacramento, CA, United States",False,https://lh5.googleusercontent.com/p/AF1QipPDFjYp3yRps32rFBMlWXvIvoWfW-FWMEE5F9c8=w203-h269-k-no,Closed  Opens 9AM,,"ceqa@doj.ca.gov, firearms.bureau@doj.ca.gov, sellers.travel@doj.ca.gov, authorizationquestions@doj.ca.gov, recordreview@doj.ca.gov, advocate@doj.ca.gov, doj.appbill@doj.ca.gov, bgcems@doj.ca.gov, chkcashpermit@doj.ca.gov, visa-immigration@doj.ca.gov, fosteryouthhelp@dss.ca.gov, marc.nolan@doj.ca.gov, fpcert@doj.ca.gov, bgccharitablegambling@doj.ca.gov, missing.persons@doj.ca.gov, gamblingcontrol@doj.ca.gov, caci-inquiry@doj.ca.gov, appagencyquestions@doj.ca.gov, askci@state.gov"
0x488847fb65a3dec9:0x33ebb751f5be0182,1416115221,Austin Lafferty Ltd,"Austin Lafferty Ltd, 118 Ayr Rd, Newton Mearns, Glasgow G77 6EG, United Kingdom",55.7803414,-4.3192431,100.0,5.0,Europe/London,https://www.austinlafferty.co.uk/contact-us/newton-mearns/,ChIJyd6jZftHiEgRggG-9VG36zM,https://www.google.com/maps/place/data=!3m1!4b1!4m2!3m1!1s0x488847fb65a3dec9:0x33ebb751f5be0182,"Attorney, Divorce lawyer, Estate planning attorney, Family law attorney, Law firm, Legal services, Personal injury attorney, Real estate agent",,9AM5PM,9AM5PM,9AM5PM,Closed,Closed,9AM5PM,9AM5PM,"Glasgow, United Kingdom",True,https://streetviewpixels-pa.googleapis.com/v1/thumbnail?panoid=lY820fSY8p84pWM77BfoSw&cb_client=search.gws-prod.gps&w=203&h=100&yaw=314.83975&pitch=0&thumbfov=100,Open  Closes 5PM,,"lfyfe@laffertylaw.com, hamilton@laffertylaw.com, kdonaghy@laffertylaw.com, hcampbell@laffertylaw.com, aaustin@laffertylaw.com, sroberts@laffertylaw.com, eastkilbride@laffertylaw.com, jcushley@laffertylaw.com, jbarrie@laffertylaw.com, giffnock@laffertylaw.com, afarr@laffertylaw.com, newtonmearns@laffertylaw.com, eblake@laffertylaw.com, alafferty@laffertylaw.com, lmccall@laffertylaw.com, oahmed@laffertylaw.com, aduncan@laffertylaw.com, sgoodwin@laffertylaw.com, lmcmillan@laffertylaw.com, dcoyle@laffertylaw.com, jmchugh@laffertylaw.com, imckillop@laffertylaw.com, enquiry@laffertylaw.com, jdonaghy@laffertylaw.com, mperrie@laffertylaw.com, jwaite@laffertylaw.com, jroberts@laffertylaw.com"
0x4887c795f4ba8be1:0x46650272e6950345,1312027516,Gibson Kerr Family Law,"Gibson Kerr Family Law, 6 Randolph Cres, Edinburgh EH3 7TH, United Kingdom",55.952014,-3.2107974,32.0,4.3,Europe/London,https://www.gibsonkerr.co.uk/?utm_source=gmbedinburgh&utm_medium=organic&utm_campaign=gmb-main-link&utm_content=edinburgh,ChIJ4Yu69JXHh0gRRQOV5nICZUY,https://www.google.com/maps/place/data=!3m1!4b1!4m2!3m1!1s0x4887c795f4ba8be1:0x46650272e6950345,"Family law attorney, Divorce lawyer, Divorce service, Estate planning attorney, Law firm, Attorney, Legal services, Mediation service, Real estate attorney, Tax attorney",,8:30AM5PM,8:30AM5PM,8:30AM5PM,Closed,Closed,8:30AM5PM,8:30AM5PM,"Edinburgh, United Kingdom",True,https://lh5.googleusercontent.com/p/AF1QipMwmNfitq9kTJu6JXylnCUXiNh1jFxhsLVYWx2J=w203-h135-k-no,Open  Closes 5PM,,"josephine.kosir@gibsonkerr.co.uk, rhian.mackay@gibsonkerr.co.uk, mira.petkova@gibsonkerr.co.uk, makaela.fehlhaber@gibsonkerr.co.uk, aneta.sapota@gibsonkerr.co.uk, stuart.millar@gibsonkerr.co.uk, morag.hunter@gibsonkerr.co.uk, lindsay.maclean@gibsonkerr.co.uk, susie.alexander@gibsonkerr.co.uk, mhairi.pierce@gibsonkerr.co.uk, elaine.bell@gibsonkerr.co.uk, sara.albizzati@gibsonkerr.co.uk, karen.sutherland@gibsonkerr.co.uk, laura.brown@gibsonkerr.co.uk, fiona.rasmusen@gibsonkerr.co.uk, anna.lewicka@gibsonkerr.co.uk, katherine.logan@gibsonkerr.co.uk, briege.valentine@gibsonkerr.co.uk, lynsey.dingwall@gibsonkerr.co.uk, glasgow@gibsonkerr.co.uk, gabriella.lipschitz@gibsonkerr.co.uk, nadine.martin@gibsonkerr.co.uk, nadia.inglis@gibsonkerr.co.uk, victoria.pryde-covey@gibsonkerr.co.uk, scott.rasmusen@gibsonkerr.co.uk, edinburgh@gibsonkerr.co.uk, katie.fulton@gibsonkerr.co.uk, sunha.ahmed@gibsonkerr.co.uk, kirstie.boyne@gibsonkerr.co.uk, olivia.mcmurtrie@gibsonkerr.co.uk, zaynab.alnasser@gibsonkerr.co.uk, reema.fida@gibsonkerr.co.uk, nikki.lemon@gibsonkerr.co.uk, isabel.stehno@gisbonkerr.co.uk"
0x48758bd384a28881:0xd4536045276780c1,7935219228,Wills in Plain English,,47.73855,12.5088275,25.0,5.0,Europe/London,http://www.willsinplainenglish.co.uk/,ChIJgYiihNOLdUgRwYBnJ0VgU9Q,https://www.google.com/maps/place/data=!3m1!4b1!4m2!3m1!1s0x48758bd384a28881:0xd4536045276780c1,"Estate planning attorney, Service establishment, Legal services",,9AM6PM,9AM6PM,9AM6PM,Closed,Closed,9AM6PM,9AM6PM,,True,,Open  Closes 6PM,,"rebecca@willsinplainenglish.co.uk, mark@willsinplainenglish.co.uk"
0x48883f426d83b751:0x6466f99bf9221bed,1355263777,Austin Lafferty Ltd,"Austin Lafferty Ltd, Princes Square, 213, Edinburgh House, Cornwall St, East Kilbride, Glasgow G74 1LJ, United Kingdom",55.7612397,-4.1783466,55.0,4.9,Europe/London,https://www.austinlafferty.co.uk/contact-us/east-kilbride/,ChIJUbeDbUI_iEgR7Rsi-Zv5ZmQ,https://www.google.com/maps/place/data=!3m1!4b1!4m2!3m1!1s0x48883f426d83b751:0x6466f99bf9221bed,"Attorney, Divorce lawyer, Estate planning attorney, Family law attorney, Law firm, Legal services, Personal injury attorney, Real estate agency",,9AM5PM,9AM5PM,9AM5PM,Closed,Closed,9AM5PM,9AM5PM,"Glasgow, United Kingdom",True,https://streetviewpixels-pa.googleapis.com/v1/thumbnail?panoid=FF1cq7OPPWCjEPDSUfsvWg&cb_client=search.gws-prod.gps&w=203&h=100&yaw=99.188065&pitch=0&thumbfov=100,Open  Closes 5PM,,"lfyfe@laffertylaw.com, mperrie@laffertylaw.com, jcushley@laffertylaw.com, oahmed@laffertylaw.com, sroberts@laffertylaw.com, jwaite@laffertylaw.com, eblake@laffertylaw.com, eastkilbride@laffertylaw.com, jbarrie@laffertylaw.com, newtonmearns@laffertylaw.com, alafferty@laffertylaw.com, dcoyle@laffertylaw.com, kdonaghy@laffertylaw.com, hcampbell@laffertylaw.com, jmchugh@laffertylaw.com, jdonaghy@laffertylaw.com, giffnock@laffertylaw.com, lmccall@laffertylaw.com, afarr@laffertylaw.com, aduncan@laffertylaw.com, lmcmillan@laffertylaw.com, hamilton@laffertylaw.com, aaustin@laffertylaw.com, sgoodwin@laffertylaw.com, enquiry@laffertylaw.com, jroberts@laffertylaw.com, imckillop@laffertylaw.com"
0x4887c78e833fb759:0x48f6a561ad9d2674,1315606625,Joseph G Boyd & Co Court Lawyers,"Joseph G Boyd & Co Court Lawyers, 34 Lochrin Buildings, Edinburgh EH3 9ND, United Kingdom",55.9418852,-3.2046498,144.0,4.9,Europe/London,http://www.legalaidlawyersscotland.com/,ChIJWbc_g47Hh0gRdCadrWGl9kg,https://www.google.com/maps/place/data=!3m1!4b1!4m2!3m1!1s0x4887c78e833fb759:0x48f6a561ad9d2674,"Attorney, City courthouse, Civil law attorney, Criminal justice attorney, Faculty of law, Family law attorney, Law firm, Legal aid office, Legal services",,9AM5PM,9AM5PM,9AM4:30PM,Closed,Closed,9AM5PM,9AM5PM,"Edinburgh, United Kingdom",True,https://lh5.googleusercontent.com/p/AF1QipMSol3P5doTW77aFAHVtdqJymy3_3bBu8mZ9Vk8=w203-h135-k-no,Open  Closes 5PM,,office@jboydlawyers.com
0x4887bf5468d6dc55:0x9134730c9865e630,1312100172,Shand & Co Solicitors,"Shand & Co Solicitors, 102 High St, Dalkeith EH22 1HZ, United Kingdom",55.8942945,-3.0694818,60.0,5.0,Europe/London,https://www.shandsolicitors.co.uk/,ChIJVdzWaFS_h0gRMOZlmAxzNJE,https://www.google.com/maps/place/data=!3m1!4b1!4m2!3m1!1s0x4887bf5468d6dc55:0x9134730c9865e630,"Attorney, Civil law attorney, Divorce lawyer, Employment attorney, Family law attorney",,9AM5PM,9AM5PM,9AM5PM,Closed,Closed,9AM5PM,9AM5PM,"Dalkeith, United Kingdom",True,https://streetviewpixels-pa.googleapis.com/v1/thumbnail?panoid=QzaYcY8_BuRauBziClrQuQ&cb_client=search.gws-prod.gps&w=203&h=100&yaw=137.06425&pitch=0&thumbfov=100,Open  Closes 5PM,,605a7baede844d278b89dc95ae0a9123@sentry-next.wixpress.com
0x488847b9f6a1f5d3:0x7e5826de4afb8999,1416212212,Austin Lafferty Ltd,"Austin Lafferty Ltd, 213 Fenwick Rd, Giffnock, Glasgow G46 6JD, United Kingdom",55.8043564,-4.2944302,53.0,4.9,Europe/London,https://www.austinlafferty.co.uk/contact-us/giffnock/,ChIJ0_Wh9rlHiEgRmYn7St4mWH4,https://www.google.com/maps/place/data=!3m1!4b1!4m2!3m1!1s0x488847b9f6a1f5d3:0x7e5826de4afb8999,"Attorney, Divorce lawyer, Estate planning attorney, Family law attorney, Law firm, Legal services, Personal injury attorney, Real estate agency",,9AM5PM,9AM5PM,9AM5PM,Closed,Closed,9AM5PM,9AM5PM,"Glasgow, United Kingdom",True,https://streetviewpixels-pa.googleapis.com/v1/thumbnail?panoid=jfgaqImf8_Yvz5rxrwIB7Q&cb_client=search.gws-prod.gps&w=203&h=100&yaw=84.046196&pitch=0&thumbfov=100,Open  Closes 5PM,,"jbarrie@laffertylaw.com, jroberts@laffertylaw.com, imckillop@laffertylaw.com, aduncan@laffertylaw.com, kdonaghy@laffertylaw.com, giffnock@laffertylaw.com, afarr@laffertylaw.com, hamilton@laffertylaw.com, eastkilbride@laffertylaw.com, lmccall@laffertylaw.com, lmcmillan@laffertylaw.com, oahmed@laffertylaw.com, jcushley@laffertylaw.com, aaustin@laffertylaw.com, hcampbell@laffertylaw.com, dcoyle@laffertylaw.com, lfyfe@laffertylaw.com, alafferty@laffertylaw.com, sroberts@laffertylaw.com, enquiry@laffertylaw.com, eblake@laffertylaw.com, sgoodwin@laffertylaw.com, jdonaghy@laffertylaw.com, jwaite@laffertylaw.com, jmchugh@laffertylaw.com, newtonmearns@laffertylaw.com, mperrie@laffertylaw.com"
0x4888442a5e7fc7e3:0x4a0389a70826d731,1416412912,The Glasgow Law Practice,"The Glasgow Law Practice, 124 Main St, Cambuslang, Glasgow G72 7EL, United Kingdom",55.8189271,-4.1683164,26.0,4.2,Europe/London,http://www.theglasgowlawpractice.co.uk/,ChIJ48d_XipEiEgRMdcmCKeJA0o,https://www.google.com/maps/place/data=!3m1!4b1!4m2!3m1!1s0x4888442a5e7fc7e3:0x4a0389a70826d731,"Attorney, Employment attorney, Family law attorney, Law firm",,9AM5PM,9AM5PM,9AM5PM,Closed,Closed,9AM5PM,9AM5PM,"Glasgow, United Kingdom",True,https://lh5.googleusercontent.com/p/AF1QipO_WIxyaRs0RsJdbwSJsJt2j9sorFyZFNkjaCNz=w203-h126-k-no,Open  Closes 5PM,,"pm@theglasgowlawpractice.co.uk, eam@theglasgowlawpractice.co.uk, lb@theglasgowlawpractice.co.uk, newbusiness@theglasgowlawpractice.co.uk, rf@theglasgowlawpractice.co.uk, ry@theglasgowlawpractice.co.uk, at@theglasgowlawpractice.co.uk, newnewbusiness@theglasgowlawpractice.co.uk"
0x4887c7a2efb42f1f:0xc8b33be41cfd37d7,1312707700,Anderson Strathern Solicitors Edinburgh,"Anderson Strathern Solicitors Edinburgh, 58 Morrison St, Edinburgh EH3 8BP, United Kingdom",55.94616,-3.2072802,48.0,4.9,Europe/London,https://www.andersonstrathern.co.uk/contact-us/edinburgh/,ChIJHy-076LHh0gR1zf9HOQ7s8g,https://www.google.com/maps/place/data=!3m1!4b1!4m2!3m1!1s0x4887c7a2efb42f1f:0xc8b33be41cfd37d7,"Attorney, Conveyancer, Divorce lawyer, Employment attorney, Estate planning attorney, Family law attorney, Law firm, Legal services, Real estate attorney, Tax attorney",,9AM5PM,9AM5PM,9AM5PM,Closed,Closed,9AM5PM,9AM5PM,"Edinburgh, United Kingdom",True,https://lh5.googleusercontent.com/p/AF1QipNshIHFwlZnrZuTQuPGlQdntNqAeiXY46ASIJlE=w203-h167-k-no,Open  Closes 5PM,,"colin.young@andersonstrathern.co.uk, euan.tripp@andersonstrathern.co.uk, euan.tripp@andersonstrathern.co.uk, colin.young@andersonstrathern.co.uk, suzanne.chaudhry@andersonstrathern.co.uk"
0x89c3bde3f3751d0f:0x721f2404c46c521a,18006200900,Lawyer.com,"Lawyer.com, 25 Mountainview Blvd #206, Basking Ridge, NJ 07920, United States",40.6443941,-74.57735869999999,25.0,4.2,America/New_York,https://www.lawyer.com/,ChIJDx118-O9w4kRGlJsxAQkH3I,https://www.google.com/maps/place/data=!3m1!4b1!4m2!3m1!1s0x89c3bde3f3751d0f:0x721f2404c46c521a,"Legal services, Internet marketing service",,Open 24 hours,Open 24 hours,Open 24 hours,Open 24 hours,Open 24 hours,Open 24 hours,Open 24 hours,"Basking Ridge, NJ, United States",True,https://lh5.googleusercontent.com/p/AF1QipN4OBzcXPfcdl1z33NAuX2KcshqbSGHq_EiP5ty=w203-h152-k-no,Open 24 hours,,careers@corp.lawyer.com
0x4888469e6b05b97f:0xb2b6fb54088e337,1412211919,Miller Samuel Hill Brown Solicitors,"Miller Samuel Hill Brown Solicitors, The Forsyth Building, 5 Renfield St, Glasgow G2 5EZ, United Kingdom",55.860821,-4.257338,38.0,4.2,Europe/London,https://www.mshblegal.com/,ChIJf7kFa55GiEgRN-OIQLVvKws,https://www.google.com/maps/place/data=!3m1!4b1!4m2!3m1!1s0x4888469e6b05b97f:0xb2b6fb54088e337,"Attorney, Divorce lawyer, Elder law attorney, Employment attorney, Family law attorney, Law firm, Personal injury attorney, Real estate attorney",,9AM5PM,9AM5PM,9AM5PM,Closed,Closed,9AM5PM,9AM5PM,"Glasgow, United Kingdom",True,https://lh5.googleusercontent.com/p/AF1QipNFDRQIkQMT7XbvG1u6oG8Y_OeuWAa-wbrI0iSq=w203-h135-k-no,Open  Closes 5PM,,"blk@mshblegal.com, uis@mshblegal.com, pjl@mshblegal.com, ske@mshblegal.com, chc@mshblicensing.com, jcc@mshblicensing.com, at@mshblegal.com, jbc@mshblegal.com, aj@mshblicensing.com, cma@mshblegal.com, jsb@mshblegal.com, ell@mshblegal.com, mem@mshblegal.com, rqu@mshblegal.com, lre@mshblegal.com, dfn@mshblegal.com, dcc@mshblegal.com, ndo@mshblegal.com, lj@mshblegal.com, rme@mshblegal.com, gir@mshblegal.com, nmm@mshblegal.com, thi@mshblegal.com, chm@mshblegal.com, cmm@mshblegal.com, tde@mshblegal.com, gmc@mshblegal.com, lms@mshblegal.com, gar@mshblegal.com, ale@mshblegal.com, avf@mshblegal.com, dpp@mshblegal.com"
0x4888415633352499:0x3989140cd554773a,1415518185,Macnairs & Wilson Solicitors,"Macnairs & Wilson Solicitors, 662 Alexandra Parade, Glasgow G31 3BU, United Kingdom",55.8629747,-4.2111972,20.0,4.3,Europe/London,http://www.macnairswilson.co.uk/glasgow.html,ChIJmSQ1M1ZBiEgROndU1QwUiTk,https://www.google.com/maps/place/data=!3m1!4b1!4m2!3m1!1s0x4888415633352499:0x3989140cd554773a,"Attorney, Divorce lawyer, Elder law attorney, Employment attorney, Estate planning attorney, Family law attorney, Law firm",,9AM5PM,9AM5PM,9AM4PM,Closed,Closed,9AM5PM,9AM5PM,"Glasgow, United Kingdom",True,https://lh5.googleusercontent.com/p/AF1QipPmCu2wiHogzmO1M16WFCWGymYNEHJ4TRXgC7yJ=w203-h114-k-no,Open  Closes 5PM,,"glasgow@macnairswilson.co.uk, paisley@macnairswilson.co.uk"
0x4888469f6f5433f5:0xa0db3d49096428f1,1412550295,Scintilla,"Suite 2, Scintilla, 1 145 St Vincent St, Glasgow G2 5JF, United Kingdom",55.861621,-4.25967,45.0,4.1,Europe/London,https://www.scintilla-ip.com/,ChIJ9TNUb59GiEgR8ShkCUk926A,https://www.google.com/maps/place/data=!3m1!4b1!4m2!3m1!1s0x4888469f6f5433f5:0xa0db3d49096428f1,Patent attorney,,9AM5PM,9AM5PM,9AM5PM,Closed,Closed,9AM5PM,9AM5PM,"Glasgow, United Kingdom",True,https://streetviewpixels-pa.googleapis.com/v1/thumbnail?panoid=46pntFRyGOH35BBtb-8cSA&cb_client=search.gws-prod.gps&w=203&h=100&yaw=192.1789&pitch=0&thumbfov=100,Open  Closes 5PM,,"scintilla@scintilla-ip.com, recruit@scintilla-ip.com, hello@scintilla-ip.com, hello@scintilla-ip.com"
0x4888416fdc08ee1f:0x6ce295be00ad461d,1414298166,Livingstone Brown,"Livingstone Brown, 250 W George St, Glasgow G2 4QY, United Kingdom",55.863085,-4.261768099999999,47.0,4.1,Europe/London,http://www.livbrown.co.uk/?utm_source=google&utm_medium=organic&utm_campaign=gbp-listing,ChIJH-4I3G9BiEgRHUatAL6V4mw,https://www.google.com/maps/place/data=!3m1!4b1!4m2!3m1!1s0x4888416fdc08ee1f:0x6ce295be00ad461d,"Law firm, Criminal justice attorney, Employment attorney, Immigration attorney, Legal services, Personal injury attorney",,9AM5PM,9AM5PM,9AM5PM,Closed,Closed,9AM5PM,9AM5PM,"Glasgow, United Kingdom",True,https://lh5.googleusercontent.com/p/AF1QipPWhRcjiv6A9a53cdCzZ6m2UdurW54VcePlgdft=w238-h100-k-no,Open  Closes 5PM,,"sh@livbrown.co.uk, london@livbrown.co.uk, cp@livbrown.co.uk"
0x4888416fdec06e23:0xbd5b2d4e52e1ce9b,1417789657,Livingstone Brown,"Livingstone Brown, 775 Shettleston Rd, Glasgow G32 7NN, United Kingdom",55.8523167,-4.1765874,43.0,4.0,Europe/London,http://www.livbrown.co.uk/?utm_source=google&utm_medium=organic&utm_campaign=gbp-listing,ChIJI27A3m9BiEgRm87hUk4tW70,https://www.google.com/maps/place/data=!3m1!4b1!4m2!3m1!1s0x4888416fdec06e23:0xbd5b2d4e52e1ce9b,"Attorney, Civil law attorney, Criminal justice attorney, Employment attorney, Family law attorney, Law firm, Legal services, Personal injury attorney",,9AM5PM,9AM5PM,9AM5PM,Closed,Closed,9AM5PM,9AM5PM,"Glasgow, United Kingdom",True,https://lh5.googleusercontent.com/p/AF1QipPBTmnUVs_sZo1JjvVo7hH9SIKSq8eVt-6oipZE=w238-h100-k-no,Open  Closes 5PM,,"london@livbrown.co.uk, cp@livbrown.co.uk, sh@livbrown.co.uk"
0x488847eab796a5eb:0x5b8490c9a7bbfe08,1412426060,Anderson Strathern Solicitors Glasgow,"Anderson Strathern Solicitors Glasgow, George House, 50 George Square, Glasgow G2 1EH, United Kingdom",55.8616319,-4.2493373,22.0,4.8,Europe/London,https://www.andersonstrathern.co.uk/contact-us/glasgow/,ChIJ66WWt-pHiEgRCP67p8mQhFs,https://www.google.com/maps/place/data=!3m1!4b1!4m2!3m1!1s0x488847eab796a5eb:0x5b8490c9a7bbfe08,"Attorney, Conveyancer, Divorce lawyer, Employment attorney, Estate planning attorney, Family law attorney, Law firm, Legal services, Real estate attorney, Tax attorney",,9AM5PM,9AM5PM,9AM5PM,Closed,Closed,9AM5PM,9AM5PM,"Glasgow, United Kingdom",True,https://streetviewpixels-pa.googleapis.com/v1/thumbnail?panoid=ut_LCzj9lAtecKtDW0xJmQ&cb_client=search.gws-prod.gps&w=203&h=100&yaw=316.93698&pitch=0&thumbfov=100,Open  Closes 5PM,,"colin.young@andersonstrathern.co.uk, euan.tripp@andersonstrathern.co.uk, colin.young@andersonstrathern.co.uk, euan.tripp@andersonstrathern.co.uk, suzanne.chaudhry@andersonstrathern.co.uk"
0x4888469e52d19ddb:0xc08bb518318a1541,1412483456,Raeside Chisholm Solicitors Limited,"Raeside Chisholm Solicitors Limited, Tontine House, 8 Gordon St, Glasgow G1 3PL, United Kingdom",55.8605127,-4.2547261,473.0,4.9,Europe/London,https://www.raesidechisholm.co.uk/,ChIJ253RUp5GiEgRQRWKMRi1i8A,https://www.google.com/maps/place/data=!3m1!4b1!4m2!3m1!1s0x4888469e52d19ddb:0xc08bb518318a1541,"Attorney, Legal services, Real estate attorney",,9AM5PM,9AM5PM,9AM5PM,Closed,Closed,9AM5PM,9AM5PM,"Glasgow, United Kingdom",True,https://lh5.googleusercontent.com/p/AF1QipNaVIUwbPkl-uLMKfs_r02e8jMqqgw5itNuB6OB=w368-h100-k-no,Open  Closes 5PM,,legal@raesidechisholm.co.uk
0x488869d80968cea7:0xad0f32f4da6d6d08,1417794466,The Glasgow Law Practice,"The Glasgow Law Practice, 100 Cumbernauld Rd, Chryston, Glasgow G69 9AB, United Kingdom",55.8997845,-4.1095206,11.0,4.5,Europe/London,http://www.theglasgowlawpractice.co.uk/,ChIJp85oCdhpiEgRCG1t2vQyD60,https://www.google.com/maps/place/data=!3m1!4b1!4m2!3m1!1s0x488869d80968cea7:0xad0f32f4da6d6d08,"Law firm, Employment attorney, Family law attorney, General practice attorney",,9AM5PM,9AM5PM,9AM5PM,Closed,Closed,9AM5PM,9AM5PM,"Glasgow, United Kingdom",True,https://lh5.googleusercontent.com/p/AF1QipOt2OqEcXoijbt5X9A_KzHI9XaTNul7OXKK4rN0=w203-h126-k-no,Open  Closes 5PM,,"at@theglasgowlawpractice.co.uk, ry@theglasgowlawpractice.co.uk, newbusiness@theglasgowlawpractice.co.uk, eam@theglasgowlawpractice.co.uk, pm@theglasgowlawpractice.co.uk, rf@theglasgowlawpractice.co.uk, newnewbusiness@theglasgowlawpractice.co.uk, lb@theglasgowlawpractice.co.uk"
0xf67292b4e554f5d:0xc14761add306acb5,7512768507,MJ Wills and Powers of Attorney Ltd,,52.8247338,-2.0281544,7.0,5.0,Europe/London,https://willsandpowersofattorney.co.uk/,ChIJXU9VTispZw8RtawG061hR8E,https://www.google.com/maps/place/data=!3m1!4b1!4m2!3m1!1s0xf67292b4e554f5d:0xc14761add306acb5,"Legal services, Service establishment, Estate planning attorney",,9AM5PM,9AM5PM,9AM5PM,Closed,Closed,9AM5PM,9AM5PM,,True,https://lh5.googleusercontent.com/p/AF1QipNOERaTxBBb3EGsK7kWt_lZpplLMEZJdh-OCrwI=w339-h100-k-no,Open  Closes 5PM,,margaret@mjwills.co.uk
0x488841e6a863bcef:0x1b291b91916f14cf,1417732145,The Glasgow Law Practice,"The Glasgow Law Practice, 81 Main St, Baillieston, Glasgow G69 6AD, United Kingdom",55.8504654,-4.110403799999999,8.0,4.4,Europe/London,http://www.theglasgowlawpractice.co.uk/,ChIJ77xjqOZBiEgRzxRvkZEbKRs,https://www.google.com/maps/place/data=!3m1!4b1!4m2!3m1!1s0x488841e6a863bcef:0x1b291b91916f14cf,"Attorney, Employment attorney, Family law attorney, Law firm, Real estate attorney",,Open 24 hours,Open 24 hours,Open 24 hours,Open 24 hours,Open 24 hours,Open 24 hours,Open 24 hours,"Glasgow, United Kingdom",True,https://lh5.googleusercontent.com/p/AF1QipODYv_TRH6FdoQCaozK9-XvoZGFlhwInvTlH0ix=w203-h126-k-no,Open 24 hours,,"pm@theglasgowlawpractice.co.uk, ry@theglasgowlawpractice.co.uk, eam@theglasgowlawpractice.co.uk, newbusiness@theglasgowlawpractice.co.uk, lb@theglasgowlawpractice.co.uk, at@theglasgowlawpractice.co.uk, rf@theglasgowlawpractice.co.uk, newnewbusiness@theglasgowlawpractice.co.uk"
0x4888479949d6f1ab:0x947791f9b8f32aad,1416200800,Claphams Solicitors,"1B, Claphams Solicitors, Helena House, 1B Busby Rd, Clarkston Toll, Clarkston, Glasgow G76 7RA, United Kingdom",55.7905866,-4.2777196,303.0,4.9,Europe/London,https://www.davidcclapham.co.uk/,ChIJq_HWSZlHiEgRrSrzuPmRd5Q,https://www.google.com/maps/place/data=!3m1!4b1!4m2!3m1!1s0x4888479949d6f1ab:0x947791f9b8f32aad,"Attorney, Divorce lawyer, Elder law attorney, Estate planning attorney, Family law attorney, Real estate attorney",,9AM5PM,9AM5PM,9AM5PM,Closed,Closed,9AM5PM,9AM5PM,"Glasgow, United Kingdom",True,https://lh5.googleusercontent.com/p/AF1QipP3Q9tCw679HIz06Oa70DGWD6TPXU49_U2X38Sb=w310-h100-k-no,Open  Closes 5PM,,lawagents@davidcclapham.co.uk
0x48884142ef27d18d:0xa13cbb7f60976cf9,1415510096,Turnbull McCarron Solicitors,"Turnbull McCarron Solicitors, 124 Westmuir St, Parkhead, Glasgow G31 5BW, United Kingdom",55.8515569,-4.1934356,16.0,4.4,Europe/London,https://moirandsweeney.com/,ChIJjdEn70JBiEgR-WyXYH-7PKE,https://www.google.com/maps/place/data=!3m1!4b1!4m2!3m1!1s0x48884142ef27d18d:0xa13cbb7f60976cf9,"Legal services, Criminal justice attorney, Divorce lawyer, Family law attorney",,9AM5:30PM,9AM5:30PM,9AM5:30PM,Closed,Closed,9AM5:30PM,9AM5:30PM,"Glasgow, United Kingdom",True,https://lh5.googleusercontent.com/p/AF1QipPBB3R0qIoVDur7pl3tiDDQ0yU4IzlJGfB-OJCX=w300-h100-k-no,Open  Closes 5:30PM,,"douglas@moirandsweeney.com, paul@moirandsweeney.com, michael@moirandsweeney.com, ian@moirandsweeney.com"
0x4888469c8f5c80ed:0x8859c3f4aaa71d20,1413031100,Morton Fraser MacRoberts LLP,"Capella Building, Morton Fraser MacRoberts LLP, 60 York St, Glasgow G2 8JX, United Kingdom",55.8576052,-4.2625144,24.0,3.9,Europe/London,http://www.mfmac.com/,ChIJ7YBcj5xGiEgRIB2nqvTDWYg,https://www.google.com/maps/place/data=!3m1!4b1!4m2!3m1!1s0x4888469c8f5c80ed:0x8859c3f4aaa71d20,"Attorney, Employment attorney, Family law attorney, Law firm, Patent attorney",,8AM5:30PM,8AM5:30PM,8AM5:30PM,Closed,Closed,8AM5:30PM,8AM5:30PM,"Glasgow, United Kingdom",True,https://lh5.googleusercontent.com/p/AF1QipPVYW67H9qIyu0-U5Eky2fx5Bj0U111BhwCo863=w203-h135-k-no,Open  Closes 5:30PM,,"edinburgh@mfmac.com, glasgow@mfmac.com"
0x488849304251aea9:0x7fb35cc861d7ab85,1418875181,Macnairs + Wilson Solicitors Paisley,"Macnairs + Wilson Solicitors Paisley, 9-11, New St, Paisley PA1 1XU, United Kingdom",55.8445301,-4.426037,17.0,4.1,Europe/London,http://www.macnairswilson.co.uk/paisley.html,ChIJqa5RQjBJiEgRhavXYchcs38,https://www.google.com/maps/place/data=!3m1!4b1!4m2!3m1!1s0x488849304251aea9:0x7fb35cc861d7ab85,"Attorney, Divorce lawyer, Elder law attorney, Family law attorney, Law firm, Real estate attorney",,9AM5PM,9AM5PM,9AM5PM,Closed,Closed,9AM5PM,9AM5PM,"Paisley, United Kingdom",True,https://lh5.googleusercontent.com/p/AF1QipMMjX2XAkZ1otJZIUJGjDshM7UcF3a8i_VV3OoD=w203-h114-k-no,Open  Closes 5PM,,"glasgow@macnairswilson.co.uk, paisley@macnairswilson.co.uk"
0x4888442bced6adcb:0xc502e749a199ca49,1413004300,Irwin Mitchell Solicitors,"2nd Floor, Irwin Mitchell Solicitors, 1 W Regent St, Glasgow G2 1RW, United Kingdom",55.8627833,-4.255214,17.0,4.4,Europe/London,https://www.irwinmitchell.com/our-offices/united-kingdom/glasgow,ChIJy63WzitEiEgRScqZoUnnAsU,https://www.google.com/maps/place/data=!3m1!4b1!4m2!3m1!1s0x4888442bced6adcb:0xc502e749a199ca49,"Attorney, Divorce lawyer, Employment attorney, Estate planning attorney, Family law attorney, General practice attorney, Law firm, Legal services, Personal injury attorney, Real estate attorney",,7AM8PM,7AM8PM,7AM8PM,9AM5PM,9AM5PM,7AM8PM,7AM8PM,"Glasgow, United Kingdom",True,https://lh5.googleusercontent.com/p/AF1QipNnWf09o71qhGyGCobYw0yH5Ho8cX8XQRv7WXrD=w203-h135-k-no,Open  Closes 8PM,,"clientdevelopment@irwinmitchell.com, example@example.com, press.office@irwinmitchell.com, sarah.ball@irwinmitchell.com, you@example.com, alumni@irwinmitchell.com"
0x4887c7a25618353b:0xa431047912166969,1312289900,Shepherd and Wedderburn LLP,"Shepherd and Wedderburn LLP, 9 Haymarket Square, Edinburgh EH3 8FY, United Kingdom",55.9458249,-3.216082,18.0,4.3,Europe/London,https://shepwedd.com/?utm_source=GMB&utm_medium=webclick&utm_campaign=Edinburgh,ChIJOzUYVqLHh0gRaWkWEnkEMaQ,https://www.google.com/maps/place/data=!3m1!4b1!4m2!3m1!1s0x4887c7a25618353b:0xa431047912166969,"Attorney, Bankruptcy attorney, Employment attorney, Immigration attorney, Law firm, Legal services, Mediation service, Patent attorney, Tax attorney, Trial attorney",,9AM5PM,9AM5PM,9AM5PM,Closed,Closed,9AM5PM,9AM5PM,"Edinburgh, United Kingdom",True,https://streetviewpixels-pa.googleapis.com/v1/thumbnail?panoid=u9aNSvpFGbw4bkAludwcHg&cb_client=search.gws-prod.gps&w=203&h=100&yaw=176.69867&pitch=0&thumbfov=100,Open  Closes 5PM,,"steve.dalgleish@shepwedd.com, lynn.beaumont@shepwedd.com, hannah.mcdermott@shepwedd.com, paul.carlyle@shepwedd.com"
0x4887c7859f6ae6f3:0xfba152fa175a2afc,1312256111,Paterson Bell Solicitors,"Paterson Bell Solicitors, 34 Blair St, Edinburgh EH1 1QR, United Kingdom",55.9490145,-3.1873069,9.0,4.1,Europe/London,https://www.patersonbell.co.uk/contact-paterson-bell/solicitors-edinburgh/,ChIJ8-Zqn4XHh0gR_CpaF_pSofs,https://www.google.com/maps/place/data=!3m1!4b1!4m2!3m1!1s0x4887c7859f6ae6f3:0xfba152fa175a2afc,"Criminal justice attorney, Law firm, Attorney, Legal aid office, Legal services, Trial attorney",,8AM6PM,8AM6PM,8AM6PM,Closed,Closed,8AM6PM,8AM6PM,"Edinburgh, United Kingdom",True,https://lh5.googleusercontent.com/p/AF1QipOom2t0-fVRQ8EbCMhVP-5CiS2Cnozn2j3jAMbb=w203-h106-k-no,Open  Closes 6PM,,crime@patersonbell.co.ukx
0x487bb1c47a30cdbd:0xcbe27d3e4832899,1618279400,Wilson Gunn | Patent & Trade Mark Attorneys,"Wilson Gunn | Patent & Trade Mark Attorneys, 5th Floor Blackfriars House The, Parsonage, Manchester M3 2JA, United Kingdom",53.4834294,-2.2478096,8.0,4.5,Europe/London,https://www.wilsongunn.com/,ChIJvc0wesSxe0gRmSiD5NMnvgw,https://www.google.com/maps/place/data=!3m1!4b1!4m2!3m1!1s0x487bb1c47a30cdbd:0xcbe27d3e4832899,"Patent attorney, Law firm, Attorney, Legal services",,9AM5PM,9AM5PM,9AM5PM,Closed,Closed,9AM5PM,9AM5PM,"Manchester, United Kingdom",True,https://streetviewpixels-pa.googleapis.com/v1/thumbnail?panoid=MelVP6-5xCncz8IG1kXf_w&cb_client=search.gws-prod.gps&w=203&h=100&yaw=316.99176&pitch=0&thumbfov=100,Open  Closes 5PM,,"glasgow@wilsongunn.com, liverpool@wilsongunn.com, chesterfield@wilsongunn.com, london@wilsongunn.com, manchester@wilsongunn.com, birmingham@wilsongunn.com"
0x89e48caa7bd5c591:0x72fd6e75ab167a0,15088222071,Gay & Gay: David Gay,"Gay & Gay: David Gay, 73 Washington St, Taunton, MA 02780, United States",41.9045464,-71.09524739999999,11.0,4.8,America/New_York,http://www.gayandgaypc.com/,ChIJkcXVe6qM5IkRoGexWufWLwc,https://www.google.com/maps/place/data=!3m1!4b1!4m2!3m1!1s0x89e48caa7bd5c591:0x72fd6e75ab167a0,"Attorney, Divorce lawyer, Estate planning attorney, Family law attorney, General practice attorney, Labor relations attorney, Personal injury attorney, Real estate attorney, Small claims assistance service",,9AM5PM,9AM5PM,9AM5PM,Closed,Closed,9AM5PM,9AM5PM,"Taunton, MA, United States",True,https://lh5.googleusercontent.com/p/AF1QipO03-PbLuYth4hxZiK2HHdh-DqlacpP5pg4isbI=w203-h152-k-no,Closed  Opens 9AM,,"605a7baede844d278b89dc95ae0a9123@sentry-next.wixpress.com, jennifer@ggflaw.com"
0x88f692bcf754a62f:0x12e2bd75ffc3e33c,17064854001,Gailey Law Firm,"Gailey Law Firm, 953 Harmony Rd, Eatonton, GA 31024, United States",33.4232369,-83.26873619999999,18.0,4.3,America/New_York,http://www.gaileylawfirm.com/,ChIJL6ZU97yS9ogRPOPD_3W94hI,https://www.google.com/maps/place/data=!3m1!4b1!4m2!3m1!1s0x88f692bcf754a62f:0x12e2bd75ffc3e33c,Attorney,,8AM5PM,8AM5PM,8AM5PM,Closed,Closed,8AM5PM,8AM5PM,"Eatonton, GA, United States",True,https://lh5.googleusercontent.com/p/AF1QipOdh54_TQfPUh3GpWNaNo3BNPtG7Ur4wtcIt3uZ=w203-h152-k-no,Closed  Opens 8AM,,"laura@gaileylawfirm.com, michael@gaileylawfirm.com"
0x88f6b80d4b9129a5:0xbc0e0e6802aab9e3,14784513111,"Calvin McMullen, Attorney at Law","Calvin McMullen, Attorney at Law, 187 Roberson Mill Rd STE 109, Milledgeville, GA 31061, United States",33.0990403,-83.2602639,8.0,3.3,America/New_York,http://www.calvinmcmullenattorneyatlaw.com/,ChIJpSmRSw249ogR47mqAmgODrw,https://www.google.com/maps/place/data=!3m1!4b1!4m2!3m1!1s0x88f6b80d4b9129a5:0xbc0e0e6802aab9e3,"Criminal justice attorney, Civil law attorney, Divorce lawyer, Family law attorney",,8AM5PM,8AM5PM,8AM5PM,Closed,Closed,8AM5PM,8AM5PM,"Milledgeville, GA, United States",False,https://streetviewpixels-pa.googleapis.com/v1/thumbnail?panoid=jcSwneoGp4IlBdwG6yzYag&cb_client=search.gws-prod.gps&w=203&h=100&yaw=252.79019&pitch=0&thumbfov=100,Closed  Opens 8AM,,605a7baede844d278b89dc95ae0a9123@sentry-next.wixpress.com
0x88f6b80d4b9129a5:0x17700c81c0665e87,14784141990,Price Douglas Lee,"Price Douglas Lee, 187 Roberson Mill Rd STE 101, Milledgeville, GA 31061, United States",33.0990403,-83.2602639,1.0,5.0,America/New_York,http://browneandpricepa.com/,ChIJpSmRSw249ogRh15mwIEMcBc,https://www.google.com/maps/place/data=!3m1!4b1!4m2!3m1!1s0x88f6b80d4b9129a5:0x17700c81c0665e87,Attorney,,,,,,,,,"Milledgeville, GA, United States",False,https://streetviewpixels-pa.googleapis.com/v1/thumbnail?panoid=jcSwneoGp4IlBdwG6yzYag&cb_client=search.gws-prod.gps&w=203&h=100&yaw=252.79019&pitch=0&thumbfov=100,,,douglas@browneandpricepa.com
0x88f692bd30fad7c7:0x96d450b5a9e77b89,17064854001,Gailey Law Firm: Gailey Jr R Michael,"Gailey Law Firm: Gailey Jr R Michael, 953 Harmony Rd # 101, Eatonton, GA 31024, United States",33.4234561,-83.27022079999999,,,America/New_York,http://www.gaileylawfirm.com/,ChIJx9f6ML2S9ogRiXvnqbVQ1JY,https://www.google.com/maps/place/data=!3m1!4b1!4m2!3m1!1s0x88f692bd30fad7c7:0x96d450b5a9e77b89,"Trial attorney, Civil law attorney, Criminal justice attorney, Divorce lawyer, Family law attorney",,8AM5PM,8AM5PM,8AM5PM,Closed,Closed,8AM5PM,8AM5PM,"Eatonton, GA, United States",True,https://streetviewpixels-pa.googleapis.com/v1/thumbnail?panoid=KhP_jMTLVvXUjOakcdL4nQ&cb_client=search.gws-prod.gps&w=203&h=100&yaw=133.89705&pitch=0&thumbfov=100,Closed  Opens 8AM,,"laura@gaileylawfirm.com, michael@gaileylawfirm.com"
0x79540f4873c3d295:0x49e6ce324521edee,18083262220,Law Office of Lee Mattingly,"Law Office of Lee Mattingly, 75-5909 Walua Road Second Floor Kona Town Market Building, Kailua-Kona, HI 96740, United States",19.6288262,-155.9854163,30.0,4.2,Pacific/Honolulu,http://www.leemattinglylaw.com/,ChIJldLDc0gPVHkR7u0hRTLO5kk,https://www.google.com/maps/place/data=!3m1!4b1!4m2!3m1!1s0x79540f4873c3d295:0x49e6ce324521edee,"Divorce lawyer, Family law attorney, Attorney, Mediation service, Personal injury attorney",,9AM5PM,9AM5PM,9AM5PM,Closed,Closed,8AM5PM,9AM5PM,"Kailua-Kona, HI, United States",True,https://lh5.googleusercontent.com/p/AF1QipOTLlhVB6L9q_zWjoFrQhhyB0LevOmHnBRUZfZd=w203-h270-k-no,Closed  Opens 9AM,,thumbnail_img_2591-269x300@2x.jpg
0x79540f1c0a833a93:0x4f40eb1da70f340,18083292076,Pacific States Legal Group,"Pacific States Legal Group, 75-5995 Kuakini Hwy Suite 432, Kailua-Kona, HI 96740, United States",19.627231,-155.9807899,7.0,4.4,Pacific/Honolulu,https://www.konalawyer.com/,ChIJkzqDChwPVHkRQPNw2rEO9AQ,https://www.google.com/maps/place/data=!3m1!4b1!4m2!3m1!1s0x79540f1c0a833a93:0x4f40eb1da70f340,"Divorce lawyer, Family law attorney, Personal injury attorney, Real estate attorney",,9AM5PM,9AM5PM,9AM5PM,Closed,Closed,9AM5PM,9AM5PM,"Kailua-Kona, HI, United States",True,https://lh5.googleusercontent.com/p/AF1QipM2SWX8PqGzOsK26x_Yq3BfNkPIBz2TzI7h7Ufe=w203-h106-k-no,Closed  Opens 9AM,,"c183baa23371454f99f417f6616b724d@sentry.wixpress.com, 605a7baede844d278b89dc95ae0a9123@sentry-next.wixpress.com, dd0a55ccb8124b9c9d938e3acf41f8aa@sentry.wixpress.com, assistant@konalawyer.com"
0x79540f1b4ffcbd25:0xacf646ef152bb785,18082292190,"Mattoch & Kirley, LLLC","Mattoch & Kirley, LLLC, 74-5706 Hanama Pl Suite 201A, Kailua-Kona, HI 96740, United States",19.6400168,-155.9923313,4.0,4.0,Pacific/Honolulu,https://www.mattochkirley.com/?npcmp=dir:local:5291992:96813,ChIJJb38TxsPVHkRhbcrFe9G9qw,https://www.google.com/maps/place/data=!3m1!4b1!4m2!3m1!1s0x79540f1b4ffcbd25:0xacf646ef152bb785,Personal injury attorney,,8AM5PM,8AM5PM,8AM5PM,Closed,Closed,8AM5PM,8AM5PM,"Kailua-Kona, HI, United States",True,https://lh5.googleusercontent.com/p/AF1QipNftFyg4IYcBMU1TBVsCzLuD1joZy9dIMEoSAK3=w203-h114-k-no,Closed  Opens 8AM,,"dan@mattochkirley.com, scott@mattochkirley.com"
0x79540ef00a676ff7:0x493bf6dbacad6f48,18083296464,Carlsmith Ball LLP,"Carlsmith Ball LLP, 75-5722 Kuakini Hwy, Kailua-Kona, HI 96740, United States",19.6395739,-155.9915806,2.0,4.0,Pacific/Honolulu,https://www.carlsmith.com/,ChIJ929nCvAOVHkRSG-trNv2O0k,https://www.google.com/maps/place/data=!3m1!4b1!4m2!3m1!1s0x79540ef00a676ff7:0x493bf6dbacad6f48,Attorney,,,,,,,,,"Kailua-Kona, HI, United States",False,https://streetviewpixels-pa.googleapis.com/v1/thumbnail?panoid=IWNzHON9Fmrp08W1fmCmew&cb_client=search.gws-prod.gps&w=203&h=100&yaw=246.09889&pitch=0&thumbfov=100,,,"hr@carlsmith.com, recruiting@carlsmith.com, inquiry@carlsmith.com"
0x79540efb88bb05d7:0x9397fcdeff07342,18083254224,Hawaii Trust & Estate Counsel - Kona Office,"Hawaii Trust & Estate Counsel - Kona Office, 75-5915 Walua Rd, Kailua-Kona, HI 96740, United States",19.6286898,-155.9852764,2.0,5.0,Pacific/Honolulu,http://www.hawaiitrustlaw.com/,ChIJ1wW7iPsOVHkRQnPw781_OQk,https://www.google.com/maps/place/data=!3m1!4b1!4m2!3m1!1s0x79540efb88bb05d7:0x9397fcdeff07342,Estate planning attorney,,8:30AM4:30PM,8:30AM4:30PM,8:30AM4:30PM,Closed,Closed,8:30AM4:30PM,8:30AM4:30PM,"Kailua-Kona, HI, United States",True,https://lh5.googleusercontent.com/p/AF1QipP3DuaXepwLyjhwpZWu-BneyQ6R4zgwc6Gd7Om-=w203-h152-k-no,Closed  Opens 8:30AM,,"user@domain.com, office@hawaiitrustlaw.com"
0x79540efc943c6435:0x81358e8b361ca4f8,18083295811,Cades Schutte,"Cades Schutte, 75-170 Hualalai Rd # B303, Kailua-Kona, HI 96740, United States",19.6373572,-155.9889313,,,Pacific/Honolulu,https://www.cades.com/attorneys/,ChIJNWQ8lPwOVHkR-KQcNouONYE,https://www.google.com/maps/place/data=!3m1!4b1!4m2!3m1!1s0x79540efc943c6435:0x81358e8b361ca4f8,Attorney,,,,,,,,,"Kailua-Kona, HI, United States",False,https://streetviewpixels-pa.googleapis.com/v1/thumbnail?panoid=1YR2smOOyQhhem0RaBf_3g&cb_client=search.gws-prod.gps&w=203&h=100&yaw=221.65114&pitch=0&thumbfov=100,,,"bg-leaves@2x-768x223.jpeg, bg-leaves@2x-1680x488.jpeg, bg-leaves@2x-1600x465.jpeg, bg-leaves@2x-300x87.jpeg, bg-leaves@2x-2048x595.jpeg, bg-leaves@2x-1536x446.jpeg, bg-leaves@2x-1024x297.jpeg"
0x79540ef00a676ff7:0xf3f6fd4bd3e6af85,18083296464,Haitsuka Edmund W,"Haitsuka Edmund W, 75-1000 Henry St # 209, Kailua-Kona, HI 96740, United States",19.6443676,-155.9884605,,,Pacific/Honolulu,https://www.carlsmith.com/,ChIJ929nCvAOVHkRha_m00v99vM,https://www.google.com/maps/place/data=!3m1!4b1!4m2!3m1!1s0x79540ef00a676ff7:0xf3f6fd4bd3e6af85,Attorney,,,,,,,,,"Kailua-Kona, HI, United States",False,,,,"hr@carlsmith.com, recruiting@carlsmith.com, inquiry@carlsmith.com"
0x79540f4875fa3e2f:0x20bc67ec886ee5f0,18083276260,Attorney General Department,"Attorney General Department, 77-6399 Nalani St #101, Kailua-Kona, HI 96740, United States",19.6059434,-155.9629417,,,Pacific/Honolulu,https://ag.hawaii.gov/,ChIJLz76dUgPVHkR8OVuiOxnvCA,https://www.google.com/maps/place/data=!3m1!4b1!4m2!3m1!1s0x79540f4875fa3e2f:0x20bc67ec886ee5f0,"Attorney, Local government office",,,,,,,,,"Kailua-Kona, HI, United States",False,https://streetviewpixels-pa.googleapis.com/v1/thumbnail?panoid=CyA6imTiCXz7oT7eoqMm8Q&cb_client=search.gws-prod.gps&w=203&h=100&yaw=346.04535&pitch=0&thumbfov=100,,,"hawaiimissingkids@hawaii.gov, ag.ocsh@hawaii.gov, atg.charities@hawaii.gov, hawaiiag@hawaii.gov"
